Workbook

Sheet Panduan Pengisian
A1: PANDUAN PENGISIAN TEMPLATE DATA COSTING RUMAH SAKIT
A2: Tujuan | B2: Mengumpulkan data biaya, pegawai, dan layanan rumah sakit untuk perhitungan unit cost per hari rawat (KRIS C, KRIS B, KRIS A, VIP, ICU), per kunjungan IGD, dan per layanan klinis.
A3: Siapa yang mengisi | B3: Satu tim per rumah sakit: bagian keuangan (LO dan biaya), SDM (pegawai), rekam medis atau SIMRS (volume), umum atau sarpras (luas lantai dan aset).
A4: Periode data | B4: Satu tahun penuh (1 Januari sampai 31 Desember). Semua sheet harus memakai tahun yang sama.
A5: Cara memakai | B5: Simpan salinan file dengan nama: Template_Costing_[NamaRS]_[Tahun].xlsx. Isi hanya sel berwarna krem. Sel abu muda berisi rumus dan terkunci. Isian kosong berarti belum diisi. Proteksi sheet tanpa password (Review, Unprotect Sheet) bila perlu membuka kunci.
A7: A. SIAPKAN DOKUMEN SUMBER
A8: Laporan Operasional (LO) | B8: LO tingkat satuan kerja untuk tahun data, lengkap pendapatan dan beban.
A9: Rincian biaya | B9: Buku besar atau laporan biaya: gaji, jasa pelayanan, persediaan, barang dan jasa, pemeliharaan, penyusutan.
A10: Daftar pegawai | B10: Daftar pegawai aktif per unit kerja dan per profesi pada akhir tahun data.
A11: Data SIMRS | B11: Kunjungan rawat jalan dan IGD, hari rawat, pasien pulang, dan volume penunjang (resep, tes, pemeriksaan).
A12: SK direktur dan sarpras | B12: Jumlah tempat tidur per kelas dan luas lantai setiap unit.
A13: Daftar aset | B13: Nilai perolehan alat dan gedung per unit untuk perhitungan penyusutan.
A15: B. URUTAN PENGISIAN
A16: Sheet 1 | B16: Panduan Pengisian: baca dari atas sampai bawah.
A17: Sheet 2 | B17: Data Dasar RS: identitas, SDM per profesi. Hasil lain terbaca otomatis.
A18: Sheet 3 | B18: Data Operasional: tempat tidur, hari rawat, pasien pulang, kunjungan, volume penunjang.
A19: Sheet 4 | B19: Data LO Lapkeu: pendapatan dan beban dari LO.
A20: Sheet 5 | B20: Costing Template: staf, luas lantai, dan biaya untuk 54 pusat biaya.
A21: Sheet 6 | B21: Rumus Perhitungan: hanya dibaca. Isi bobot pemakaian penunjang pada bagian 6. Hasil unit cost ada pada bagian 8.
A23: C. LANGKAH RINCI
A24: Langkah 1: Data Dasar RS | B24: Isi nama RS, tipe (A, B, C, D), kepemilikan, dan tahun data. Isi tabel SDM per profesi (baris 33 sampai 44) dengan jumlah orang. Jumlah SDM dokter, nakes, dan non nakes terisi otomatis. Isi identitas pengisi pada baris 64 sampai 70.
A25: Langkah 2: Tempat tidur | B25: Data Operasional kolom J baris 2 sampai 6: jumlah tempat tidur KRIS C, KRIS B, KRIS A, VIP, dan ICU. Contoh: SK direktur menyebut kelas 3 berjumlah 120 tempat tidur, tulis 120 pada KRIS C.
A26: Langkah 3: Hari rawat dan pasien pulang | B26: Data Operasional kolom D dan E baris 2 sampai 6: hari rawat JKN dan Non-JKN setahun per kelas. Kolom N: jumlah pasien pulang (hidup dan mati). BOR dan ALOS terhitung otomatis. Cek: BOR wajar 50 sampai 90 persen, ALOS 3 sampai 7 hari.
A27: Langkah 4: Kunjungan | B27: Data Operasional kolom B dan C baris 7 (IGD) dan baris 8 sampai 31 (24 layanan): kunjungan JKN dan Non-JKN setahun. Hemodialisis dimasukkan ke layanan Uronefro.
A28: Langkah 5: Volume penunjang | B28: Data Operasional blok Volume Penunjang Medis (kolom I sampai M): isi volume JKN dan Non-JKN untuk farmasi (lembar resep), radiologi (pemeriksaan), laboratorium (tes), dan seterusnya. Volume gizi terisi otomatis dari hari rawat.
A29: Langkah 6: Data LO Lapkeu | B29: Bagian I dan II: salin angka LO apa adanya. Bagian III: rincian beban untuk costing (gaji, jasa dokter, jasa lain, operasional lainnya, penyusutan alat, penyusutan gedung). Totalnya harus sama dengan total beban LO. Bagian IV: isi pendapatan fungsional JKN. Cek: selisih pada bagian III dan IV bernilai 0.
A30: Langkah 7: Costing Template bagian A (Overhead) | B30: Isi 12 pusat biaya penunjang umum: jumlah staf, biaya gaji, jasa medis, jasa medis lain, operasional, nilai alat, investasi gedung, dan luas lantai. Biaya gaji, jasa, dan operasional tiap unit dijumlahkan dari buku besar per unit kerja.
A31: Langkah 8: Costing Template bagian B (Penunjang medis) | B31: Isi 12 unit penunjang medis dengan cara yang sama seperti bagian A.
A32: Langkah 9: Costing Template bagian C (Layanan pasien) | B32: Isi 6 pusat biaya tetap (KRIS C, KRIS B, KRIS A, VIP, ICU, IGD) dan 24 layanan klinis. Kolom hari rawat, pasien pulang, dan kunjungan terbaca otomatis dari Data Operasional. Jumlah tempat tidur ditambahkan pada kolom I untuk kamar rawat inap.
A33: Langkah 10: Bobot pemakaian penunjang | B33: Rumus Perhitungan bagian 6: untuk setiap layanan, isi jumlah pemakaian tiap penunjang medis (contoh: jumlah resep, tes laboratorium, atau jam operasi yang dipakai layanan itu). Kosongkan bila tidak memakai. Gizi dan laundry terisi otomatis dari hari rawat.
A34: Langkah 11: Rekonsiliasi | B34: Costing Template sel S69 harus sama dengan total beban LO. Rumus Perhitungan bagian 10 menampilkan status BALANCE bila selisih paling banyak Rp1.000.
A35: Langkah 12: Baca hasil | B35: Rumus Perhitungan bagian 8: unit cost per pusat kamar dan layanan. Bagian 9: uji kewajaran BOR, ALOS, staf per tempat tidur. Status akhir harus SEMUA OK.
A37: D. MEMILIH DASAR ALOKASI (COSTING TEMPLATE KOLOM C)
A38: jumlah_staf | B38: Unit yang melayani seluruh pegawai: manajemen, komite, TI, pendidikan, bahan habis pakai non medis.
A39: luas_lantai | B39: Unit yang biayanya mengikuti luas bangunan: keamanan, kebersihan, listrik dan air, pajak, sewa.
A40: jumlah_kunjungan | B40: Unit yang melayani kunjungan rawat jalan dan IGD: parkir.
A41: jumlah_pasien | B41: Unit yang melayani pasien secara umum: customer service dan front office.
A42: hari_rawat | B42: Unit yang melayani pasien rawat inap: gizi, laundry, dan seluruh kamar rawat inap.
A44: E. PEMETAAN KELAS RAWAT KE PUSAT BIAYA
A45: Kelas 3 | B45: KRIS C
A46: Kelas 2 | B46: KRIS B
A47: Kelas 1 | B47: KRIS A
A48: VIP, VVIP, Suite | B48: Kamar VIP/VVIP/Suite
A49: ICU, ICCU, NICU, PICU, HCU | B49: Kamar ICU/ICCU/NICU/PICU/HCU
A50: Ruang isolasi dan non kelas | B50: Gabungkan ke kelas dengan fasilitas yang paling mirip dan catat keputusan Anda pada kolom keterangan Data Dasar RS.
A52: F. PEMETAAN POLIKLINIK KE 24 LAYANAN (CONTOH)
A53: Penyakit Dalam | B53: Dibagi ke Pencernaan, Endokrin, Hematologi dan Onkologi Medik, Imunologi dan Reumatologi, Infeksi, Uronefro, Paru, Keracunan.
A54: Bedah | B54: Dibagi ke Neoplasma, Pencernaan, Uronefro, Saraf, Jantung, Trauma, Rekonstruksi, Luka Bakar.
A55: Anak | B55: Dibagi ke Neonatus dan layanan lain sesuai kasus.
A56: Obstetri dan Ginekologi | B56: Kesehatan Ibu dan Ginekologi.
A57: Radiasi dan Kedokteran Nuklir | B57: Neoplasma dan Myeloproliferative.
A58: Poliklinik lain | B58: Jantung, Saraf, THT, Mata, Kulit dan Kelamin, Gigi dan Mulut, Psikiatri (Jiwa), Orthopedi (Musculoskeletal), Rehabilitasi Medik masing-masing ke layanan sejenis.
A59: Prinsip | B59: Satu kunjungan hanya dihitung di satu layanan. Total seluruh layanan harus sama dengan total kunjungan poliklinik RS.
A61: G. ATURAN PENTING
A62: Satuan uang | B62: Rupiah penuh tanpa titik, koma, atau simbol Rp.
A63: Penyusutan | B63: Isi NILAI PEROLEHAN alat dan gedung. Penyusutan otomatis: alat dibagi 5 tahun, gedung dibagi 40 tahun.
A64: Jumlah staf | B64: Jumlah orang yang bertugas di unit pada akhir tahun. Satu orang dihitung di satu unit saja.
A65: Luas lantai | B65: Luas bangunan unit dalam meter persegi untuk semua pusat biaya.
A66: Biaya tidak boleh ganda | B66: Satu biaya hanya masuk ke satu pusat biaya. Biaya bersama masuk ke overhead.
A67: Nama unit | B67: Jangan mengubah nama atau urutan pusat biaya.
A68: Sel tanpa data | B68: Isi 0 jika memang tidak ada. Jangan menghapus baris atau kolom.
A70: H. WARNA SEL
A71: Krem, huruf biru | B71: Diisi manual.
A72: Abu muda | B72: Rumus otomatis dan terkunci.
A73: Biru tua | B73: Judul dan kepala tabel.
A75: I. CHECKLIST SEBELUM DIKIRIM
A76: Cek 1 | B76: Nama RS, tipe, kepemilikan, dan tahun data terisi.
A77: Cek 2 | B77: Total SDM Data Dasar RS sama dengan jumlah staf Costing Template.
A78: Cek 3 | B78: BOR setiap kelas wajar dan ALOS 3 sampai 7 hari.
A79: Cek 4 | B79: Total kunjungan 24 layanan sama dengan total kunjungan poliklinik RS.
A80: Cek 5 | B80: IGD terisi lengkap: staf, luas lantai, biaya, dan kunjungan.
A81: Cek 6 | B81: Data LO Lapkeu bagian III dan IV selisihnya 0.
A82: Cek 7 | B82: Costing Template sel S69 sama dengan total beban LO.
A83: Cek 8 | B83: Rumus Perhitungan bagian 10 berstatus BALANCE dan status akhir SEMUA OK.
A84: Cek 9 | B84: Tidak ada sel berisi tulisan error (#DIV/0!, #REF!).
A86: J. MASALAH UMUM
A87: Status CEK pada BOR | B87: Periksa tempat tidur dan hari rawat. Hari rawat tidak boleh melebihi tempat tidur dikali 365.
A88: Total LO tidak balance | B88: Periksa rincian beban untuk costing: gaji, jasa, operasional, dan penyusutan harus berjumlah sama dengan total beban LO.
A89: Unit cost terlalu besar atau kecil | B89: Periksa volume (hari rawat atau kunjungan), satuan Rupiah penuh, dan bobot pemakaian penunjang.
A90: Hasil kosong | B90: Sel hasil kosong berarti data pendukungnya belum diisi.
A91: Tidak bisa mengetik di sel | B91: Sel terkunci berisi rumus. Isi hanya sel krem.
A93: K. ISTILAH
A94: Overhead | B94: Pusat biaya penunjang umum (manajemen, IT, kebersihan, listrik dan air).
A95: Intermediate | B95: Penunjang medis (farmasi, laboratorium, radiologi, bedah sentral, gizi, laundry).
A96: Final | B96: Pusat biaya layanan pasien: kamar rawat inap, IGD, dan poliklinik.
A97: BOR | B97: Bed Occupancy Rate: hari rawat dibagi (tempat tidur dikali 365).
A98: ALOS | B98: Average Length of Stay: hari rawat dibagi pasien pulang.
A99: Unit cost | B99: Biaya total pusat biaya dibagi volume layanan (hari rawat atau kunjungan).
A101: L. KOLOM DO DAN VALIDASI ISIAN (TAMBAHAN)
A102: Letak kolom DO | B102: Data Dasar RS: kolom D (DO), E (aturan), F (hasil). Data LO Lapkeu: kolom D, E, F. Data Operasional: kolom S dan T (hasil), tabel DO mulai baris 38. Costing Template: kolom T (hasil), tabel DO mulai baris 78.
A103: Petunjuk saat mengisi | B103: Klik sel krem, petunjuk isian muncul di dekat sel (apa yang diisi, satuan, dan batasnya). Bila muncul peringatan, isian ditolak atau perlu dikoreksi: baca pesannya, lalu isi ulang.
A104: Hasil: OK (hijau) | B104: Isian sudah lengkap dan sesuai aturan.
A105: Hasil: KOSONG (kuning) | B105: Belum diisi. Isi angka. Bila memang tidak ada, isi 0 (kosong tidak sama dengan 0).
A106: Hasil: BELUM LENGKAP (kuning) | B106: Sebagian sel pada baris atau blok itu masih kosong. Lengkapi semuanya.
A107: Hasil: CEK (merah) | B107: Isian melanggar aturan atau tampak tidak wajar (contoh: hari rawat melebihi tempat tidur × 365, total tidak sama dengan LO). Baca pesan, periksa data sumber, lalu perbaiki.
A108: Hasil: Menunggu (kuning) | B108: Sel otomatis belum terhitung karena data sumbernya belum diisi. Isi sheet yang disebut pada pesan.
A109: Rumus Perhitungan: Flag (F140:F151) | B109: 1 = penunjang umum (biayanya dibagi ke seluruh layanan rawat inap). 0 = penunjang klinis (dibagi sesuai bobot pemakaian). Hanya boleh 0 atau 1. Nilai bawaan sudah diisi, ubah hanya bila ada keputusan tim.
A110: Rumus Perhitungan: Bobot (C159:N188) | B110: Jumlah pemakaian tiap penunjang medis oleh setiap layanan, dengan satuan yang sama dengan volume penunjang tersebut (resep, tes, jam operasi, dan seterusnya). Angka ≥ 0. Kosongkan bila layanan tidak memakai. Kolom Gizi dan Laundry terisi otomatis.
A111: Rumus Perhitungan: Target (J229:K232) | B111: Opsional. Batas bawah dan batas atas unit cost per hari rawat yang diharapkan, dalam Rupiah. Kosongkan bila tidak ada target.
A112: Rumus Perhitungan: Batas rasio (H263:I267, G270:H270) | B112: Batas wajar staf per tempat tidur (rawat inap) dan staf per 10 kunjungan IGD per hari. Angka ≥ 0, batas min lebih kecil dari batas max. Nilai bawaan boleh diubah bila ada acuan resmi.

Sheet Data Dasar RS
A1: DATA DASAR RUMAH SAKIT | B1: NILAI | C1: Keterangan | D1: Definisi Operasional (DO) | E1: Aturan Validasi Isian | F1: Hasil Pemeriksaan
A2: Nama Rumah Sakit | C2: Nama Rumah Sakit | D2: Nama resmi rumah sakit sesuai izin operasional atau SK penetapan. Tulis lengkap tanpa singkatan. | E2: Wajib. Teks 5 sampai 100 karakter | F2: =IF(LEN(TRIM(B2))=0,"KOSONG: isi nama RS",IF(LEN(TRIM(B2))<5,"CEK: nama terlalu pendek","OK")) -> KOSONG: isi nama RS
A3: Tipe RS | C3: A, B, C, atau D. | D3: Klasifikasi RS menurut Kemenkes berdasarkan fasilitas dan kemampuan layanan. Tipe A paling lengkap, D paling dasar. | E3: Wajib. Pilih dari daftar: A, B, C, atau D. Harus sama dengan Costing Template sel K2. | F3: =IF(B3="","KOSONG: pilih tipe RS",IF(ISERROR(MATCH(B3,{"A","B","C","D"},0)),"CEK: pilih A, B, C, atau D",IF(AND('Costing Template'!K2<>"",'Costing Template'!K2<>B3),"CEK: beda dengan Costing Template K2","OK"))) -> KOSONG: pilih tipe RS
A4: Kepemilikan RS | C4: Pemerintah Pusat, Pemerintah Daerah, atau Swasta. | D4: Pihak yang memiliki dan menyelenggarakan RS (pemerintah pusat, pemerintah daerah, swasta, TNI/Polri, atau BUMN). | E4: Wajib. Pilih dari daftar. Harus sama dengan Costing Template sel N2. | F4: =IF(B4="","KOSONG: pilih kepemilikan",IF(AND('Costing Template'!N2<>"",'Costing Template'!N2<>B4),"CEK: beda dengan Costing Template N2","OK")) -> KOSONG: pilih kepemilikan
A5: Tahun Data | C5: Sama dengan tahun pada Costing Template. | D5: Tahun data keuangan dan layanan yang dipakai, yaitu 1 Januari sampai 31 Desember tahun tersebut. Seluruh sheet memakai tahun yang sama. | E5: Wajib. Bilangan bulat 4 digit antara 2000 dan 2100. Harus sama dengan Costing Template sel B2. Contoh: 2025. | F5: =IF(B5="","KOSONG: isi tahun data",IF(OR(NOT(ISNUMBER(B5)),B5<2000,B5>2100,B5<>INT(B5)),"CEK: isi tahun 4 digit",IF(AND('Costing Template'!B2<>"",'Costing Template'!B2<>B5),"CEK: beda dengan Costing Template B2","OK"))) -> KOSONG: isi tahun data
A7: BOR (%) | B7: =IFERROR('Data Operasional'!P7,"") | C7: Otomatis dari Data Operasional. | D7: BOR (Bed Occupancy Rate): persentase tempat tidur yang terpakai selama setahun. Rumus: hari rawat ÷ (tempat tidur × 365) × 100. | E7: Otomatis (terkunci). Jangan diisi. | F7: =IF(B7="","Menunggu: Data Operasional","OK") -> Menunggu: Data Operasional
A8: ALOS (hari) | B8: =IFERROR('Data Operasional'!O7,"") | C8: Otomatis dari Data Operasional. | D8: ALOS (Average Length of Stay): rata-rata lama pasien dirawat. Rumus: total hari rawat ÷ pasien pulang. | E8: Otomatis (terkunci). Jangan diisi. | F8: =IF(B8="","Menunggu: Data Operasional","OK") -> Menunggu: Data Operasional
A9: Jumlah Tempat Tidur | B9: =IFERROR('Data Operasional'!J7,"") -> 0 | C9: Otomatis dari Data Operasional. | D9: Total tempat tidur rawat inap semua kelas (KRIS C, B, A, VIP, ICU). | E9: Otomatis (terkunci). Jangan diisi. | F9: =IF(B9="","Menunggu: Data Operasional","OK") -> OK
A10: Lama Hari Rawat JKN | B10: =IFERROR('Data Operasional'!K7,"") -> 0 | C10: Otomatis. | D10: Total hari rawat pasien JKN setahun, semua kelas. | E10: Otomatis (terkunci). Jangan diisi. | F10: =IF(B10="","Menunggu: Data Operasional","OK") -> OK
A11: Lama Hari Rawat Non JKN | B11: =IFERROR('Data Operasional'!L7,"") -> 0 | C11: Otomatis. | D11: Total hari rawat pasien Non JKN setahun, semua kelas. | E11: Otomatis (terkunci). Jangan diisi. | F11: =IF(B11="","Menunggu: Data Operasional","OK") -> OK
A12: Jumlah SDM Dokter | B12: =IFERROR(SUM(B33:B34),"") -> 0 | C12: Otomatis dari tabel SDM per profesi. | D12: Jumlah dokter spesialis ditambah dokter umum (orang). | E12: Otomatis (terkunci). Jangan diisi. | F12: =IF(B12="","Menunggu: tabel SDM","OK") -> OK
A13: Jumlah SDM Nakes | B13: =IFERROR(SUM(B35:B42),"") -> 0 | C13: Otomatis dari tabel SDM per profesi. | D13: Jumlah tenaga kesehatan selain dokter: perawat, bidan, apoteker, analis, radiografer, terapis, ahli gizi, nakes lain (orang). | E13: Otomatis (terkunci). Jangan diisi. | F13: =IF(B13="","Menunggu: tabel SDM","OK") -> OK
A14: Jumlah SDM Non Nakes | B14: =IFERROR(B43,"") -> 0 | C14: Otomatis dari tabel SDM per profesi. | D14: Jumlah tenaga non-kesehatan: administrasi, keuangan, IT, keamanan, kebersihan, dan sejenisnya (orang). | E14: Otomatis (terkunci). Jangan diisi. | F14: =IF(B14="","Menunggu: tabel SDM","OK") -> OK
A15: Biaya Gaji | B15: =IFERROR('Data LO Lapkeu'!B27,"") -> 0 | C15: Dari Data LO Lapkeu bagian III. | D15: Gaji pokok dan tunjangan pegawai selama setahun (Rupiah). | E15: Otomatis (terkunci). Jangan diisi. | F15: =IF(B15="","Menunggu: Data LO Lapkeu","OK") -> OK
A16: Biaya Jasa/Remunerasi | B16: =IFERROR('Data LO Lapkeu'!B28+'Data LO Lapkeu'!B29,"") -> 0 | C16: Jasa dokter ditambah jasa staf lain. | D16: Jasa pelayanan dokter ditambah jasa pelayanan staf lain selama setahun (Rupiah). | E16: Otomatis (terkunci). Jangan diisi. | F16: =IF(B16="","Menunggu: Data LO Lapkeu","OK") -> OK
A17: Biaya Operasional Lainnya | B17: =IFERROR('Data LO Lapkeu'!B30,"") -> 0 | C17: Persediaan, barang dan jasa, pemeliharaan, perjalanan dinas, piutang. | D17: Biaya selain gaji, jasa, dan penyusutan: persediaan, barang dan jasa, pemeliharaan, perjalanan dinas, penyisihan piutang (Rupiah). | E17: Otomatis (terkunci). Jangan diisi. | F17: =IF(B17="","Menunggu: Data LO Lapkeu","OK") -> OK
A18: Biaya Penyusutan | B18: =IFERROR('Data LO Lapkeu'!B31+'Data LO Lapkeu'!B32,"") -> 0 | C18: Alat dan gedung. | D18: Penyusutan alat dan gedung selama setahun (Rupiah). | E18: Otomatis (terkunci). Jangan diisi. | F18: =IF(B18="","Menunggu: Data LO Lapkeu","OK") -> OK
A19: Pendapatan Fungsional JKN | B19: =IFERROR('Data LO Lapkeu'!B36,"") -> 0 | C19: Dari Data LO Lapkeu bagian IV. | D19: Pendapatan dari klaim JKN selama setahun (Rupiah). | E19: Otomatis (terkunci). Jangan diisi. | F19: =IF(B19="","Menunggu: Data LO Lapkeu","OK") -> OK
A20: Pendapatan Fungsional Non JKN | B20: =IFERROR('Data LO Lapkeu'!B37,"") -> 0 | C20: Dari Data LO Lapkeu bagian IV. | D20: Pendapatan jasa layanan dari pasien dan penjamin selain JKN (Rupiah). | E20: Otomatis (terkunci). Jangan diisi. | F20: =IF(B20="","Menunggu: Data LO Lapkeu","OK") -> OK
A21: Pendapatan Lainnya | B21: =IFERROR('Data LO Lapkeu'!B38,"") -> 0 | C21: Dari Data LO Lapkeu bagian IV. | D21: Pendapatan RS di luar jasa layanan pasien: sewa, parkir, kerja sama (Rupiah). | E21: Otomatis (terkunci). Jangan diisi. | F21: =IF(B21="","Menunggu: Data LO Lapkeu","OK") -> OK
A22: Subsidi/Pendanaan Pemerintah | B22: =IFERROR('Data LO Lapkeu'!B39,"") -> 0 | C22: APBN dan hibah. | D22: Dana dari pemerintah (alokasi APBN) dan hibah (Rupiah). | E22: Otomatis (terkunci). Jangan diisi. | F22: =IF(B22="","Menunggu: Data LO Lapkeu","OK") -> OK
A24: TEMPAT TIDUR PER KELAS | B24: JUMLAH | C24: Keterangan | D24: Definisi Operasional (DO) | E24: Aturan Validasi Isian | F24: Hasil Pemeriksaan
A25: Kamar Rawat Inap Standar (KRIS) C | B25: =IFERROR('Data Operasional'!J2,"") -> 0 | C25: =IFERROR("BOR "&TEXT('Data Operasional'!P2,"0.0")&"%, ALOS "&TEXT('Data Operasional'!O2,"0.0")&" hari","") -> BOR %, ALOS hari | D25: Jumlah tempat tidur KRIS C (kelas 3 ditambah ruang isolasi). | E25: Otomatis (terkunci). Jangan diisi. | F25: =IF(B25="","Menunggu: Data Operasional J2","OK") -> OK
A26: Kamar Rawat Inap Standar (KRIS) B | B26: =IFERROR('Data Operasional'!J3,"") -> 0 | C26: =IFERROR("BOR "&TEXT('Data Operasional'!P3,"0.0")&"%, ALOS "&TEXT('Data Operasional'!O3,"0.0")&" hari","") -> BOR %, ALOS hari | D26: Jumlah tempat tidur KRIS B (kelas 2). | E26: Otomatis (terkunci). Jangan diisi. | F26: =IF(B26="","Menunggu: Data Operasional J3","OK") -> OK
A27: Kamar Rawat Inap Standar (KRIS) A | B27: =IFERROR('Data Operasional'!J4,"") -> 0 | C27: =IFERROR("BOR "&TEXT('Data Operasional'!P4,"0.0")&"%, ALOS "&TEXT('Data Operasional'!O4,"0.0")&" hari","") -> BOR %, ALOS hari | D27: Jumlah tempat tidur KRIS A (kelas 1). | E27: Otomatis (terkunci). Jangan diisi. | F27: =IF(B27="","Menunggu: Data Operasional J4","OK") -> OK
A28: Kamar VIP/VVIP/Suite | B28: =IFERROR('Data Operasional'!J5,"") -> 0 | C28: =IFERROR("BOR "&TEXT('Data Operasional'!P5,"0.0")&"%, ALOS "&TEXT('Data Operasional'!O5,"0.0")&" hari","") -> BOR %, ALOS hari | D28: Jumlah tempat tidur kamar VIP, VVIP, dan Suite. | E28: Otomatis (terkunci). Jangan diisi. | F28: =IF(B28="","Menunggu: Data Operasional J5","OK") -> OK
A29: Kamar ICU/ICCU/NICU/PICU/HCU | B29: =IFERROR('Data Operasional'!J6,"") -> 0 | C29: =IFERROR("BOR "&TEXT('Data Operasional'!P6,"0.0")&"%, ALOS "&TEXT('Data Operasional'!O6,"0.0")&" hari","") -> BOR %, ALOS hari | D29: Jumlah tempat tidur ruang intensif (ICU, ICCU, NICU, PICU, HCU). | E29: Otomatis (terkunci). Jangan diisi. | F29: =IF(B29="","Menunggu: Data Operasional J6","OK") -> OK
A30: Total tempat tidur | B30: =IFERROR(SUM(B25:B29),"") -> 0 | D30: Total tempat tidur seluruh kelas. | E30: Otomatis (terkunci). Jangan diisi. | F30: =IF(B30="","Menunggu: Data Operasional",IF(B30=B9,"OK","CEK: total tidak sama dengan B9")) -> OK
A32: SDM PER PROFESI | B32: JUMLAH | C32: Keterangan | D32: Definisi Operasional (DO) | E32: Aturan Validasi Isian | F32: Hasil Pemeriksaan
A33: Dokter spesialis | C33: Dokter | D33: Jumlah dokter spesialis dan subspesialis (orang) yang aktif bertugas pada 31 Desember tahun data. | E33: Wajib. Bilangan bulat ≥ 0. Isi 0 bila tidak ada. Satu orang dihitung di satu baris saja. | F33: =IF(B33="","KOSONG: isi 0 bila tidak ada",IF(AND(ISNUMBER(B33),B33>=0,B33=INT(B33)),"OK","CEK: harus bilangan bulat ≥ 0")) -> KOSONG: isi 0 bila tidak ada
A34: Dokter umum | C34: Dokter | D34: Jumlah dokter umum (orang) yang aktif pada 31 Desember tahun data. Dokter gigi umum dihitung di baris ini. | E34: Wajib. Bilangan bulat ≥ 0. Isi 0 bila tidak ada. | F34: =IF(B34="","KOSONG: isi 0 bila tidak ada",IF(AND(ISNUMBER(B34),B34>=0,B34=INT(B34)),"OK","CEK: harus bilangan bulat ≥ 0")) -> KOSONG: isi 0 bila tidak ada
A35: Perawat | C35: Nakes | D35: Jumlah perawat vokasi dan ners (orang) yang aktif pada 31 Desember tahun data. | E35: Wajib. Bilangan bulat ≥ 0. | F35: =IF(B35="","KOSONG: isi 0 bila tidak ada",IF(AND(ISNUMBER(B35),B35>=0,B35=INT(B35)),"OK","CEK: harus bilangan bulat ≥ 0")) -> KOSONG: isi 0 bila tidak ada
A36: Bidan | C36: Nakes | D36: Jumlah bidan (orang) yang aktif pada 31 Desember tahun data. | E36: Wajib. Bilangan bulat ≥ 0. | F36: =IF(B36="","KOSONG: isi 0 bila tidak ada",IF(AND(ISNUMBER(B36),B36>=0,B36=INT(B36)),"OK","CEK: harus bilangan bulat ≥ 0")) -> KOSONG: isi 0 bila tidak ada
A37: Apoteker dan tenaga teknis kefarmasian | C37: Nakes | D37: Jumlah apoteker dan tenaga teknis kefarmasian (asisten apoteker), orang, pada 31 Desember tahun data. | E37: Wajib. Bilangan bulat ≥ 0. | F37: =IF(B37="","KOSONG: isi 0 bila tidak ada",IF(AND(ISNUMBER(B37),B37>=0,B37=INT(B37)),"OK","CEK: harus bilangan bulat ≥ 0")) -> KOSONG: isi 0 bila tidak ada
A38: Analis laboratorium | C38: Nakes | D38: Jumlah analis kesehatan atau ATLM di laboratorium dan bank darah (orang). | E38: Wajib. Bilangan bulat ≥ 0. | F38: =IF(B38="","KOSONG: isi 0 bila tidak ada",IF(AND(ISNUMBER(B38),B38>=0,B38=INT(B38)),"OK","CEK: harus bilangan bulat ≥ 0")) -> KOSONG: isi 0 bila tidak ada
A39: Radiografer | C39: Nakes | D39: Jumlah radiografer (orang). | E39: Wajib. Bilangan bulat ≥ 0. | F39: =IF(B39="","KOSONG: isi 0 bila tidak ada",IF(AND(ISNUMBER(B39),B39>=0,B39=INT(B39)),"OK","CEK: harus bilangan bulat ≥ 0")) -> KOSONG: isi 0 bila tidak ada
A40: Fisioterapis dan terapis lain | C40: Nakes | D40: Jumlah fisioterapis, terapis okupasi, terapis wicara, dan terapis lain (orang). | E40: Wajib. Bilangan bulat ≥ 0. | F40: =IF(B40="","KOSONG: isi 0 bila tidak ada",IF(AND(ISNUMBER(B40),B40>=0,B40=INT(B40)),"OK","CEK: harus bilangan bulat ≥ 0")) -> KOSONG: isi 0 bila tidak ada
A41: Ahli gizi | C41: Nakes | D41: Jumlah ahli gizi atau nutrisionis (orang). | E41: Wajib. Bilangan bulat ≥ 0. | F41: =IF(B41="","KOSONG: isi 0 bila tidak ada",IF(AND(ISNUMBER(B41),B41>=0,B41=INT(B41)),"OK","CEK: harus bilangan bulat ≥ 0")) -> KOSONG: isi 0 bila tidak ada
A42: Nakes lain (penata anestesi, perekam medis) | C42: Nakes | D42: Jumlah tenaga kesehatan lain yang tidak masuk baris di atas: penata anestesi, perekam medis, sanitarian, elektromedis (orang). | E42: Wajib. Bilangan bulat ≥ 0. | F42: =IF(B42="","KOSONG: isi 0 bila tidak ada",IF(AND(ISNUMBER(B42),B42>=0,B42=INT(B42)),"OK","CEK: harus bilangan bulat ≥ 0")) -> KOSONG: isi 0 bila tidak ada
A43: Tenaga non-kesehatan | C43: Non Nakes | D43: Jumlah pegawai non-kesehatan: administrasi, keuangan, IT, keamanan, kebersihan, dan sejenisnya (orang). | E43: Wajib. Bilangan bulat ≥ 0. | F43: =IF(B43="","KOSONG: isi 0 bila tidak ada",IF(AND(ISNUMBER(B43),B43>=0,B43=INT(B43)),"OK","CEK: harus bilangan bulat ≥ 0")) -> KOSONG: isi 0 bila tidak ada
A44: Total SDM | B44: =IFERROR(SUM(B33:B43),"") -> 0 | C44: =IFERROR(IF(B44=0,"",IF(B44='Costing Template'!D69,"Cocok dengan jumlah staf Costing Template","CEK: berbeda dengan jumlah staf Costing Template ("&TEXT('Costing Template'!D69,"#,##0")&")")),"") | D44: Total seluruh SDM. Harus sama dengan total Jumlah Staf pada Costing Template. | E44: Otomatis (terkunci). Jangan diisi. | F44: =IF(N(B44)=0,"Menunggu: isian SDM",IF(B44=N('Costing Template'!D69),"OK","CEK: beda dengan jumlah staf Costing Template (D69)")) -> Menunggu: isian SDM
A46: PROFIL LAYANAN | B46: NILAI | C46: Keterangan | D46: Definisi Operasional (DO) | E46: Aturan Validasi Isian | F46: Hasil Pemeriksaan
A47: Kunjungan rawat jalan setahun (24 layanan) | B47: =IFERROR(SUM('Data Operasional'!F8:F31),"") -> 0 | C47: Poliklinik, hemodialisa, rehabilitasi. | D47: Jumlah kunjungan rawat jalan setahun dari 24 layanan klinis (JKN + Non JKN). Satu kunjungan dihitung satu kali. | E47: Otomatis (terkunci). Jangan diisi. | F47: =IF(B47="","Menunggu: Data Operasional","OK") -> OK
A48: Kunjungan IGD setahun | B48: =IFERROR('Data Operasional'!F7,"") | C48: Seluruh kunjungan IGD. | D48: Jumlah kunjungan IGD setahun (JKN + Non JKN). | E48: Otomatis (terkunci). Jangan diisi. | F48: =IF(B48="","Menunggu: Data Operasional","OK") -> Menunggu: Data Operasional
A49: Rata-rata kunjungan rawat jalan per hari (300 hari kerja) | B49: =IFERROR(B47/300,"") -> 0 | C49: Poliklinik buka Senin sampai Sabtu. | D49: Kunjungan rawat jalan setahun dibagi 300 hari kerja. | E49: Otomatis (terkunci). Jangan diisi. | F49: =IF(B49="","Menunggu: Data Operasional","OK") -> OK
A50: Rata-rata kunjungan IGD per hari (365 hari) | B50: =IFERROR(B48/365,"") | C50: IGD buka 24 jam. | D50: Kunjungan IGD setahun dibagi 365 hari. | E50: Otomatis (terkunci). Jangan diisi. | F50: =IF(B50="","Menunggu: Data Operasional","OK") -> Menunggu: Data Operasional
A51: Rata-rata pasien pulang rawat inap per hari | B51: =IFERROR('Data Operasional'!N7/365,"") -> 0 | C51: Seluruh kelas termasuk ICU. | D51: Pasien pulang rawat inap setahun dibagi 365 hari. | E51: Otomatis (terkunci). Jangan diisi. | F51: =IF(B51="","Menunggu: Data Operasional","OK") -> OK
A52: Turnover interval (hari) | B52: =IFERROR(('Data Operasional'!J7*365-'Data Operasional'!M7)/'Data Operasional'!N7,"") | C52: Rata-rata hari tempat tidur kosong antar pasien. | D52: Turnover interval: rata-rata hari tempat tidur kosong di antara dua pasien. Rumus: (tempat tidur × 365 − hari rawat) ÷ pasien pulang. | E52: Otomatis (terkunci). Jangan diisi. | F52: =IF(B52="","Menunggu: Data Operasional","OK") -> Menunggu: Data Operasional
A53: BTO (pasien per tempat tidur) | B53: =IFERROR('Data Operasional'!N7/'Data Operasional'!J7,"") | C53: Pasien pulang dibagi tempat tidur. | D53: BTO (Bed Turn Over): berapa kali satu tempat tidur dipakai pasien dalam setahun. Rumus: pasien pulang ÷ tempat tidur. | E53: Otomatis (terkunci). Jangan diisi. | F53: =IF(B53="","Menunggu: Data Operasional","OK") -> Menunggu: Data Operasional
A55: PEMETAAN KELAS RAWAT | B55: Kelas pada profil RS | C55: Keterangan
A56: KRIS C | B56: Kelas 3
A57: KRIS B | B57: Kelas 2
A58: KRIS A | B58: Kelas 1
A59: Kamar VIP/VVIP/Suite | B59: VIP ke atas
A60: Kamar ICU/ICCU/NICU/PICU/HCU | B60: Intensive care semua jenis
A63: IDENTITAS PENGISI | B63: ISIAN | C63: Keterangan | D63: Definisi Operasional (DO) | E63: Aturan Validasi Isian | F63: Hasil Pemeriksaan
A64: Nama petugas pengisi | C64: Nama lengkap. | D64: Nama lengkap petugas yang mengisi template ini. | E64: Wajib. Teks 3 sampai 100 karakter. | F64: =IF(LEN(TRIM(B64))=0,"KOSONG: isi nama petugas","OK") -> KOSONG: isi nama petugas
A65: Jabatan / unit kerja | C65: Contoh: Kepala Bagian Keuangan. | D65: Jabatan dan unit kerja petugas pengisi. Contoh: Kepala Bagian Keuangan. | E65: Wajib. Teks 3 sampai 100 karakter. | F65: =IF(LEN(TRIM(B65))=0,"KOSONG: isi jabatan / unit kerja","OK") -> KOSONG: isi jabatan / unit kerja
A66: Nomor HP (WA) | C66: Untuk konfirmasi data. | D66: Nomor HP aktif (WhatsApp) petugas pengisi untuk konfirmasi data. | E66: Wajib. Hanya angka (boleh diawali + atau tanda -), 9 sampai 16 karakter. Contoh: 081234567890. | F66: =IF(LEN(B66)=0,"KOSONG: isi nomor HP",IF(AND(ISNUMBER(--SUBSTITUTE(SUBSTITUTE(SUBSTITUTE(B66,"+","")," ",""),"-","")),LEN(B66)>=9,LEN(B66)<=16),"OK","CEK: nomor HP tidak valid")) -> KOSONG: isi nomor HP
A67: Email | C67: Email aktif. | D67: Alamat email aktif petugas pengisi. | E67: Wajib. Harus memuat @ dan titik, tanpa spasi. Contoh: nama@rs.go.id. | F67: =IF(LEN(B67)=0,"KOSONG: isi email",IF(AND(ISNUMBER(FIND("@",B67)),ISERROR(FIND(" ",B67)),LEN(B67)>=6,ISNUMBER(FIND(".",B67,IFERROR(FIND("@",B67),1)))),"OK","CEK: format email salah")) -> KOSONG: isi email
A68: Tanggal pengisian | C68: Format hari-bulan-tahun. | D68: Tanggal template ini diisi. | E68: Wajib. Format hari-bulan-tahun, contoh 15-10-2026. Hanya tanggal yang valid. | F68: =IF(B68="","KOSONG: isi tanggal pengisian",IF(AND(ISNUMBER(B68),B68>=36526,B68<=73415),"OK","CEK: tanggal tidak valid")) -> KOSONG: isi tanggal pengisian
A69: Nama direktur RS | C69: Penanggung jawab data. | D69: Nama direktur RS selaku penanggung jawab data. | E69: Wajib. Teks 3 sampai 100 karakter. | F69: =IF(LEN(TRIM(B69))=0,"KOSONG: isi nama direktur","OK") -> KOSONG: isi nama direktur

Sheet Data Operasional
A1: DATA OPERASIONAL RS | B1: Kunjungan JKN | C1: Kunjungan Non-JKN | D1: Hari Rawat JKN | E1: Hari Rawat Non-JKN | F1: Total Kunjungan (Otomatis) | G1: Total Hari Rawat (Otomatis) | I1: STATISTIK RAWAT INAP PER KELAS | J1: Tempat Tidur | K1: Hari Rawat JKN | L1: Hari Rawat Non-JKN | M1: Total Hari Rawat | N1: Pasien Pulang | O1: ALOS (hari) | P1: BOR (%) | Q1: Status BOR | S1: HASIL PEMERIKSAAN: Kunjungan dan Hari Rawat (kolom B–E) | T1: HASIL PEMERIKSAAN: Statistik Rawat Inap (kolom J, N)
A2: Kamar Rawat Inap Standar (KRIS) C | F2: =IFERROR(IF(COUNT(B2:C2)<2,"",SUM(B2:C2)),"") | G2: =IFERROR(IF(COUNT(D2:E2)<2,"",SUM(D2:E2)),"") | I2: Kamar Rawat Inap Standar (KRIS) C | K2: =IFERROR(D2,"") -> 0 | L2: =IFERROR(E2,"") -> 0 | M2: =IFERROR(K2+L2,"") -> 0 | O2: =IFERROR(M2/N2,"") | P2: =IFERROR(M2/(J2*365)*100,"") | Q2: =IFERROR(IF(P2="","",IF(AND(P2>=40,P2<=90),"OK","CEK")),"") | S2: =IF(COUNTA(D2:E2)>COUNT(D2:E2),"CEK: ada isian bukan angka",IF(COUNT(D2:E2)=0,"KOSONG: isi hari rawat JKN dan Non-JKN (kolom D, E)",IF(COUNT(D2:E2)<2,"BELUM LENGKAP: isi D dan E (boleh 0)",IF(OR(D2<0,E2<0,D2<>INT(D2),E2<>INT(E2)),"CEK: harus bilangan bulat ≥ 0",IF(SUM(B2:C2)>0,"CEK: kunjungan (B, C) tidak diisi untuk kelas rawat inap",IF(AND(J2<>"",D2+E2>J2*365),"CEK: hari rawat melebihi tempat tidur × 365","OK")))))) -> KOSONG: isi hari rawat JKN dan Non-JKN (kolom D, E) | T2: =IF(COUNTA(J2,N2)>COUNT(J2,N2),"CEK: ada isian bukan angka",IF(COUNT(J2,N2)=0,"KOSONG: isi tempat tidur (J) dan pasien pulang (N)",IF(COUNT(J2,N2)<2,"BELUM LENGKAP: isi J dan N (boleh 0)",IF(OR(J2<0,N2<0,J2<>INT(J2),N2<>INT(N2)),"CEK: harus bilangan bulat ≥ 0",IF(AND(J2=0,N(M2)>0),"CEK: ada hari rawat tetapi tempat tidur 0",IF(AND(N2=0,N(M2)>0),"CEK: ada hari rawat tetapi pasien pulang 0",IF(Q2="CEK","CEK: BOR "&TEXT(P2,"0.0")&"% di luar 40–90%, periksa J dan D/E","OK"))))))) -> KOSONG: isi tempat tidur (J) dan pasien pulang (N)
A3: Kamar Rawat Inap Standar (KRIS) B | F3: =IFERROR(IF(COUNT(B3:C3)<2,"",SUM(B3:C3)),"") | G3: =IFERROR(IF(COUNT(D3:E3)<2,"",SUM(D3:E3)),"") | I3: Kamar Rawat Inap Standar (KRIS) B | K3: =IFERROR(D3,"") -> 0 | L3: =IFERROR(E3,"") -> 0 | M3: =IFERROR(K3+L3,"") -> 0 | O3: =IFERROR(M3/N3,"") | P3: =IFERROR(M3/(J3*365)*100,"") | Q3: =IFERROR(IF(P3="","",IF(AND(P3>=40,P3<=90),"OK","CEK")),"") | S3: =IF(COUNTA(D3:E3)>COUNT(D3:E3),"CEK: ada isian bukan angka",IF(COUNT(D3:E3)=0,"KOSONG: isi hari rawat JKN dan Non-JKN (kolom D, E)",IF(COUNT(D3:E3)<2,"BELUM LENGKAP: isi D dan E (boleh 0)",IF(OR(D3<0,E3<0,D3<>INT(D3),E3<>INT(E3)),"CEK: harus bilangan bulat ≥ 0",IF(SUM(B3:C3)>0,"CEK: kunjungan (B, C) tidak diisi untuk kelas rawat inap",IF(AND(J3<>"",D3+E3>J3*365),"CEK: hari rawat melebihi tempat tidur × 365","OK")))))) -> KOSONG: isi hari rawat JKN dan Non-JKN (kolom D, E) | T3: =IF(COUNTA(J3,N3)>COUNT(J3,N3),"CEK: ada isian bukan angka",IF(COUNT(J3,N3)=0,"KOSONG: isi tempat tidur (J) dan pasien pulang (N)",IF(COUNT(J3,N3)<2,"BELUM LENGKAP: isi J dan N (boleh 0)",IF(OR(J3<0,N3<0,J3<>INT(J3),N3<>INT(N3)),"CEK: harus bilangan bulat ≥ 0",IF(AND(J3=0,N(M3)>0),"CEK: ada hari rawat tetapi tempat tidur 0",IF(AND(N3=0,N(M3)>0),"CEK: ada hari rawat tetapi pasien pulang 0",IF(Q3="CEK","CEK: BOR "&TEXT(P3,"0.0")&"% di luar 40–90%, periksa J dan D/E","OK"))))))) -> KOSONG: isi tempat tidur (J) dan pasien pulang (N)
A4: Kamar Rawat Inap Standar (KRIS) A | F4: =IFERROR(IF(COUNT(B4:C4)<2,"",SUM(B4:C4)),"") | G4: =IFERROR(IF(COUNT(D4:E4)<2,"",SUM(D4:E4)),"") | I4: Kamar Rawat Inap Standar (KRIS) A | K4: =IFERROR(D4,"") -> 0 | L4: =IFERROR(E4,"") -> 0 | M4: =IFERROR(K4+L4,"") -> 0 | O4: =IFERROR(M4/N4,"") | P4: =IFERROR(M4/(J4*365)*100,"") | Q4: =IFERROR(IF(P4="","",IF(AND(P4>=40,P4<=90),"OK","CEK")),"") | S4: =IF(COUNTA(D4:E4)>COUNT(D4:E4),"CEK: ada isian bukan angka",IF(COUNT(D4:E4)=0,"KOSONG: isi hari rawat JKN dan Non-JKN (kolom D, E)",IF(COUNT(D4:E4)<2,"BELUM LENGKAP: isi D dan E (boleh 0)",IF(OR(D4<0,E4<0,D4<>INT(D4),E4<>INT(E4)),"CEK: harus bilangan bulat ≥ 0",IF(SUM(B4:C4)>0,"CEK: kunjungan (B, C) tidak diisi untuk kelas rawat inap",IF(AND(J4<>"",D4+E4>J4*365),"CEK: hari rawat melebihi tempat tidur × 365","OK")))))) -> KOSONG: isi hari rawat JKN dan Non-JKN (kolom D, E) | T4: =IF(COUNTA(J4,N4)>COUNT(J4,N4),"CEK: ada isian bukan angka",IF(COUNT(J4,N4)=0,"KOSONG: isi tempat tidur (J) dan pasien pulang (N)",IF(COUNT(J4,N4)<2,"BELUM LENGKAP: isi J dan N (boleh 0)",IF(OR(J4<0,N4<0,J4<>INT(J4),N4<>INT(N4)),"CEK: harus bilangan bulat ≥ 0",IF(AND(J4=0,N(M4)>0),"CEK: ada hari rawat tetapi tempat tidur 0",IF(AND(N4=0,N(M4)>0),"CEK: ada hari rawat tetapi pasien pulang 0",IF(Q4="CEK","CEK: BOR "&TEXT(P4,"0.0")&"% di luar 40–90%, periksa J dan D/E","OK"))))))) -> KOSONG: isi tempat tidur (J) dan pasien pulang (N)
A5: Kamar VIP/VVIP/Suite | F5: =IFERROR(IF(COUNT(B5:C5)<2,"",SUM(B5:C5)),"") | G5: =IFERROR(IF(COUNT(D5:E5)<2,"",SUM(D5:E5)),"") | I5: Kamar VIP/VVIP/Suite | K5: =IFERROR(D5,"") -> 0 | L5: =IFERROR(E5,"") -> 0 | M5: =IFERROR(K5+L5,"") -> 0 | O5: =IFERROR(M5/N5,"") | P5: =IFERROR(M5/(J5*365)*100,"") | Q5: =IFERROR(IF(P5="","",IF(AND(P5>=40,P5<=90),"OK","CEK")),"") | S5: =IF(COUNTA(D5:E5)>COUNT(D5:E5),"CEK: ada isian bukan angka",IF(COUNT(D5:E5)=0,"KOSONG: isi hari rawat JKN dan Non-JKN (kolom D, E)",IF(COUNT(D5:E5)<2,"BELUM LENGKAP: isi D dan E (boleh 0)",IF(OR(D5<0,E5<0,D5<>INT(D5),E5<>INT(E5)),"CEK: harus bilangan bulat ≥ 0",IF(SUM(B5:C5)>0,"CEK: kunjungan (B, C) tidak diisi untuk kelas rawat inap",IF(AND(J5<>"",D5+E5>J5*365),"CEK: hari rawat melebihi tempat tidur × 365","OK")))))) -> KOSONG: isi hari rawat JKN dan Non-JKN (kolom D, E) | T5: =IF(COUNTA(J5,N5)>COUNT(J5,N5),"CEK: ada isian bukan angka",IF(COUNT(J5,N5)=0,"KOSONG: isi tempat tidur (J) dan pasien pulang (N)",IF(COUNT(J5,N5)<2,"BELUM LENGKAP: isi J dan N (boleh 0)",IF(OR(J5<0,N5<0,J5<>INT(J5),N5<>INT(N5)),"CEK: harus bilangan bulat ≥ 0",IF(AND(J5=0,N(M5)>0),"CEK: ada hari rawat tetapi tempat tidur 0",IF(AND(N5=0,N(M5)>0),"CEK: ada hari rawat tetapi pasien pulang 0",IF(Q5="CEK","CEK: BOR "&TEXT(P5,"0.0")&"% di luar 40–90%, periksa J dan D/E","OK"))))))) -> KOSONG: isi tempat tidur (J) dan pasien pulang (N)
A6: Kamar ICU/ICCU/NICU/PICU/HCU | F6: =IFERROR(IF(COUNT(B6:C6)<2,"",SUM(B6:C6)),"") | G6: =IFERROR(IF(COUNT(D6:E6)<2,"",SUM(D6:E6)),"") | I6: Kamar ICU/ICCU/NICU/PICU/HCU | K6: =IFERROR(D6,"") -> 0 | L6: =IFERROR(E6,"") -> 0 | M6: =IFERROR(K6+L6,"") -> 0 | O6: =IFERROR(M6/N6,"") | P6: =IFERROR(M6/(J6*365)*100,"") | Q6: =IFERROR(IF(P6="","",IF(AND(P6>=40,P6<=90),"OK","CEK")),"") | S6: =IF(COUNTA(D6:E6)>COUNT(D6:E6),"CEK: ada isian bukan angka",IF(COUNT(D6:E6)=0,"KOSONG: isi hari rawat JKN dan Non-JKN (kolom D, E)",IF(COUNT(D6:E6)<2,"BELUM LENGKAP: isi D dan E (boleh 0)",IF(OR(D6<0,E6<0,D6<>INT(D6),E6<>INT(E6)),"CEK: harus bilangan bulat ≥ 0",IF(SUM(B6:C6)>0,"CEK: kunjungan (B, C) tidak diisi untuk kelas rawat inap",IF(AND(J6<>"",D6+E6>J6*365),"CEK: hari rawat melebihi tempat tidur × 365","OK")))))) -> KOSONG: isi hari rawat JKN dan Non-JKN (kolom D, E) | T6: =IF(COUNTA(J6,N6)>COUNT(J6,N6),"CEK: ada isian bukan angka",IF(COUNT(J6,N6)=0,"KOSONG: isi tempat tidur (J) dan pasien pulang (N)",IF(COUNT(J6,N6)<2,"BELUM LENGKAP: isi J dan N (boleh 0)",IF(OR(J6<0,N6<0,J6<>INT(J6),N6<>INT(N6)),"CEK: harus bilangan bulat ≥ 0",IF(AND(J6=0,N(M6)>0),"CEK: ada hari rawat tetapi tempat tidur 0",IF(AND(N6=0,N(M6)>0),"CEK: ada hari rawat tetapi pasien pulang 0",IF(Q6="CEK","CEK: BOR "&TEXT(P6,"0.0")&"% di luar 40–90%, periksa J dan D/E","OK"))))))) -> KOSONG: isi tempat tidur (J) dan pasien pulang (N)
A7: Instalasi Gawat Darurat (IGD) | F7: =IFERROR(IF(COUNT(B7:C7)<2,"",SUM(B7:C7)),"") | G7: =IFERROR(IF(COUNT(D7:E7)<2,"",SUM(D7:E7)),"") | I7: TOTAL RS | J7: =IFERROR(SUM(J2:J6),"") -> 0 | K7: =IFERROR(SUM(K2:K6),"") -> 0 | L7: =IFERROR(SUM(L2:L6),"") -> 0 | M7: =IFERROR(SUM(M2:M6),"") -> 0 | N7: =IFERROR(SUM(N2:N6),"") -> 0 | O7: =IFERROR(M7/N7,"") | P7: =IFERROR(M7/(J7*365)*100,"") | Q7: =IFERROR(IF(P7="","",IF(AND(P7>=50,P7<=85),"OK","CEK")),"") | S7: =IF(COUNTA(B7:C7)>COUNT(B7:C7),"CEK: ada isian bukan angka",IF(COUNT(B7:C7)=0,"KOSONG: isi kunjungan JKN dan Non-JKN (kolom B, C)",IF(COUNT(B7:C7)<2,"BELUM LENGKAP: isi B dan C (boleh 0)",IF(OR(B7<0,C7<0,B7<>INT(B7),C7<>INT(C7)),"CEK: harus bilangan bulat ≥ 0",IF(SUM(D7:E7)>0,"CEK: hari rawat hanya diisi di baris 2–6 (rawat inap)","OK"))))) -> KOSONG: isi kunjungan JKN dan Non-JKN (kolom B, C) | T7: =IF(Q7="","Menunggu: data tempat tidur dan hari rawat",IF(Q7="OK","OK: BOR total RS wajar (50–85%)","CEK: BOR total RS "&TEXT(P7,"0.0")&"% di luar 50–85%")) -> Menunggu: data tempat tidur dan hari rawat
A8: Neoplasma dan Myeloproliferative | F8: =IFERROR(IF(COUNT(B8:C8)<2,"",SUM(B8:C8)),"") | G8: =IFERROR(IF(COUNT(D8:E8)<2,"",SUM(D8:E8)),"") | I8: BOR = hari rawat ÷ (tempat tidur × 365) × 100. ALOS = hari rawat ÷ pasien pulang. Rentang wajar BOR 40 sampai 90 per kelas, total RS 50 sampai 85. | S8: =IF(COUNTA(B8:C8)>COUNT(B8:C8),"CEK: ada isian bukan angka",IF(COUNT(B8:C8)=0,"KOSONG: isi kunjungan JKN dan Non-JKN (kolom B, C)",IF(COUNT(B8:C8)<2,"BELUM LENGKAP: isi B dan C (boleh 0)",IF(OR(B8<0,C8<0,B8<>INT(B8),C8<>INT(C8)),"CEK: harus bilangan bulat ≥ 0",IF(SUM(D8:E8)>0,"CEK: hari rawat hanya diisi di baris 2–6 (rawat inap)","OK"))))) -> KOSONG: isi kunjungan JKN dan Non-JKN (kolom B, C)
A9: Jantung dan Pembuluh Darah | F9: =IFERROR(IF(COUNT(B9:C9)<2,"",SUM(B9:C9)),"") | G9: =IFERROR(IF(COUNT(D9:E9)<2,"",SUM(D9:E9)),"") | S9: =IF(COUNTA(B9:C9)>COUNT(B9:C9),"CEK: ada isian bukan angka",IF(COUNT(B9:C9)=0,"KOSONG: isi kunjungan JKN dan Non-JKN (kolom B, C)",IF(COUNT(B9:C9)<2,"BELUM LENGKAP: isi B dan C (boleh 0)",IF(OR(B9<0,C9<0,B9<>INT(B9),C9<>INT(C9)),"CEK: harus bilangan bulat ≥ 0",IF(SUM(D9:E9)>0,"CEK: hari rawat hanya diisi di baris 2–6 (rawat inap)","OK"))))) -> KOSONG: isi kunjungan JKN dan Non-JKN (kolom B, C)
A10: Saraf / Neuroscience | F10: =IFERROR(IF(COUNT(B10:C10)<2,"",SUM(B10:C10)),"") | G10: =IFERROR(IF(COUNT(D10:E10)<2,"",SUM(D10:E10)),"") | I10: VOLUME PENUNJANG MEDIS (SETAHUN) | J10: Satuan | K10: Volume JKN | L10: Volume Non-JKN | M10: Total Volume | S10: =IF(COUNTA(B10:C10)>COUNT(B10:C10),"CEK: ada isian bukan angka",IF(COUNT(B10:C10)=0,"KOSONG: isi kunjungan JKN dan Non-JKN (kolom B, C)",IF(COUNT(B10:C10)<2,"BELUM LENGKAP: isi B dan C (boleh 0)",IF(OR(B10<0,C10<0,B10<>INT(B10),C10<>INT(C10)),"CEK: harus bilangan bulat ≥ 0",IF(SUM(D10:E10)>0,"CEK: hari rawat hanya diisi di baris 2–6 (rawat inap)","OK"))))) -> KOSONG: isi kunjungan JKN dan Non-JKN (kolom B, C) | T10: HASIL PEMERIKSAAN: Volume Penunjang (kolom K, L)
A11: Kesehatan Ibu dan Ginekologi | F11: =IFERROR(IF(COUNT(B11:C11)<2,"",SUM(B11:C11)),"") | G11: =IFERROR(IF(COUNT(D11:E11)<2,"",SUM(D11:E11)),"") | I11: Farmasi | J11: lembar resep | M11: =IFERROR(K11+L11,"") -> 0 | S11: =IF(COUNTA(B11:C11)>COUNT(B11:C11),"CEK: ada isian bukan angka",IF(COUNT(B11:C11)=0,"KOSONG: isi kunjungan JKN dan Non-JKN (kolom B, C)",IF(COUNT(B11:C11)<2,"BELUM LENGKAP: isi B dan C (boleh 0)",IF(OR(B11<0,C11<0,B11<>INT(B11),C11<>INT(C11)),"CEK: harus bilangan bulat ≥ 0",IF(SUM(D11:E11)>0,"CEK: hari rawat hanya diisi di baris 2–6 (rawat inap)","OK"))))) -> KOSONG: isi kunjungan JKN dan Non-JKN (kolom B, C) | T11: =IF(COUNTA(K11:L11)>COUNT(K11:L11),"CEK: ada isian bukan angka",IF(COUNT(K11:L11)=0,"KOSONG: isi volume JKN (K) dan Non-JKN (L)",IF(COUNT(K11:L11)<2,"BELUM LENGKAP: isi K dan L (boleh 0)",IF(OR(K11<0,L11<0,K11<>INT(K11),L11<>INT(L11)),"CEK: harus bilangan bulat ≥ 0","OK")))) -> KOSONG: isi volume JKN (K) dan Non-JKN (L)
A12: Kesehatan Neonatus | F12: =IFERROR(IF(COUNT(B12:C12)<2,"",SUM(B12:C12)),"") | G12: =IFERROR(IF(COUNT(D12:E12)<2,"",SUM(D12:E12)),"") | I12: Radiologi | J12: pemeriksaan | M12: =IFERROR(K12+L12,"") -> 0 | S12: =IF(COUNTA(B12:C12)>COUNT(B12:C12),"CEK: ada isian bukan angka",IF(COUNT(B12:C12)=0,"KOSONG: isi kunjungan JKN dan Non-JKN (kolom B, C)",IF(COUNT(B12:C12)<2,"BELUM LENGKAP: isi B dan C (boleh 0)",IF(OR(B12<0,C12<0,B12<>INT(B12),C12<>INT(C12)),"CEK: harus bilangan bulat ≥ 0",IF(SUM(D12:E12)>0,"CEK: hari rawat hanya diisi di baris 2–6 (rawat inap)","OK"))))) -> KOSONG: isi kunjungan JKN dan Non-JKN (kolom B, C) | T12: =IF(COUNTA(K12:L12)>COUNT(K12:L12),"CEK: ada isian bukan angka",IF(COUNT(K12:L12)=0,"KOSONG: isi volume JKN (K) dan Non-JKN (L)",IF(COUNT(K12:L12)<2,"BELUM LENGKAP: isi K dan L (boleh 0)",IF(OR(K12<0,L12<0,K12<>INT(K12),L12<>INT(L12)),"CEK: harus bilangan bulat ≥ 0","OK")))) -> KOSONG: isi volume JKN (K) dan Non-JKN (L)
A13: Sistem Pencernaan dan Hepatobiliar | F13: =IFERROR(IF(COUNT(B13:C13)<2,"",SUM(B13:C13)),"") | G13: =IFERROR(IF(COUNT(D13:E13)<2,"",SUM(D13:E13)),"") | I13: Laboratorium | J13: tes | M13: =IFERROR(K13+L13,"") -> 0 | S13: =IF(COUNTA(B13:C13)>COUNT(B13:C13),"CEK: ada isian bukan angka",IF(COUNT(B13:C13)=0,"KOSONG: isi kunjungan JKN dan Non-JKN (kolom B, C)",IF(COUNT(B13:C13)<2,"BELUM LENGKAP: isi B dan C (boleh 0)",IF(OR(B13<0,C13<0,B13<>INT(B13),C13<>INT(C13)),"CEK: harus bilangan bulat ≥ 0",IF(SUM(D13:E13)>0,"CEK: hari rawat hanya diisi di baris 2–6 (rawat inap)","OK"))))) -> KOSONG: isi kunjungan JKN dan Non-JKN (kolom B, C) | T13: =IF(COUNTA(K13:L13)>COUNT(K13:L13),"CEK: ada isian bukan angka",IF(COUNT(K13:L13)=0,"KOSONG: isi volume JKN (K) dan Non-JKN (L)",IF(COUNT(K13:L13)<2,"BELUM LENGKAP: isi K dan L (boleh 0)",IF(OR(K13<0,L13<0,K13<>INT(K13),L13<>INT(L13)),"CEK: harus bilangan bulat ≥ 0","OK")))) -> KOSONG: isi volume JKN (K) dan Non-JKN (L)
A14: Uronefro (Urologi dan Nefrologi) | F14: =IFERROR(IF(COUNT(B14:C14)<2,"",SUM(B14:C14)),"") | G14: =IFERROR(IF(COUNT(D14:E14)<2,"",SUM(D14:E14)),"") | I14: Rehabilitasi Medik | J14: sesi terapi | M14: =IFERROR(K14+L14,"") -> 0 | S14: =IF(COUNTA(B14:C14)>COUNT(B14:C14),"CEK: ada isian bukan angka",IF(COUNT(B14:C14)=0,"KOSONG: isi kunjungan JKN dan Non-JKN (kolom B, C)",IF(COUNT(B14:C14)<2,"BELUM LENGKAP: isi B dan C (boleh 0)",IF(OR(B14<0,C14<0,B14<>INT(B14),C14<>INT(C14)),"CEK: harus bilangan bulat ≥ 0",IF(SUM(D14:E14)>0,"CEK: hari rawat hanya diisi di baris 2–6 (rawat inap)","OK"))))) -> KOSONG: isi kunjungan JKN dan Non-JKN (kolom B, C) | T14: =IF(COUNTA(K14:L14)>COUNT(K14:L14),"CEK: ada isian bukan angka",IF(COUNT(K14:L14)=0,"KOSONG: isi volume JKN (K) dan Non-JKN (L)",IF(COUNT(K14:L14)<2,"BELUM LENGKAP: isi K dan L (boleh 0)",IF(OR(K14<0,L14<0,K14<>INT(K14),L14<>INT(L14)),"CEK: harus bilangan bulat ≥ 0","OK")))) -> KOSONG: isi volume JKN (K) dan Non-JKN (L)
A15: Musculoskeletal dan Jaringan Lunak | F15: =IFERROR(IF(COUNT(B15:C15)<2,"",SUM(B15:C15)),"") | G15: =IFERROR(IF(COUNT(D15:E15)<2,"",SUM(D15:E15)),"") | I15: Rehabilitasi Psikososial | J15: pasien | M15: =IFERROR(K15+L15,"") -> 0 | S15: =IF(COUNTA(B15:C15)>COUNT(B15:C15),"CEK: ada isian bukan angka",IF(COUNT(B15:C15)=0,"KOSONG: isi kunjungan JKN dan Non-JKN (kolom B, C)",IF(COUNT(B15:C15)<2,"BELUM LENGKAP: isi B dan C (boleh 0)",IF(OR(B15<0,C15<0,B15<>INT(B15),C15<>INT(C15)),"CEK: harus bilangan bulat ≥ 0",IF(SUM(D15:E15)>0,"CEK: hari rawat hanya diisi di baris 2–6 (rawat inap)","OK"))))) -> KOSONG: isi kunjungan JKN dan Non-JKN (kolom B, C) | T15: =IF(COUNTA(K15:L15)>COUNT(K15:L15),"CEK: ada isian bukan angka",IF(COUNT(K15:L15)=0,"KOSONG: isi volume JKN (K) dan Non-JKN (L)",IF(COUNT(K15:L15)<2,"BELUM LENGKAP: isi K dan L (boleh 0)",IF(OR(K15<0,L15<0,K15<>INT(K15),L15<>INT(L15)),"CEK: harus bilangan bulat ≥ 0","OK")))) -> KOSONG: isi volume JKN (K) dan Non-JKN (L)
A16: Rekonstruksi dan Estetika | F16: =IFERROR(IF(COUNT(B16:C16)<2,"",SUM(B16:C16)),"") | G16: =IFERROR(IF(COUNT(D16:E16)<2,"",SUM(D16:E16)),"") | I16: Instalasi Bedah Sentral (IBS) | J16: jam operasi | M16: =IFERROR(K16+L16,"") -> 0 | S16: =IF(COUNTA(B16:C16)>COUNT(B16:C16),"CEK: ada isian bukan angka",IF(COUNT(B16:C16)=0,"KOSONG: isi kunjungan JKN dan Non-JKN (kolom B, C)",IF(COUNT(B16:C16)<2,"BELUM LENGKAP: isi B dan C (boleh 0)",IF(OR(B16<0,C16<0,B16<>INT(B16),C16<>INT(C16)),"CEK: harus bilangan bulat ≥ 0",IF(SUM(D16:E16)>0,"CEK: hari rawat hanya diisi di baris 2–6 (rawat inap)","OK"))))) -> KOSONG: isi kunjungan JKN dan Non-JKN (kolom B, C) | T16: =IF(COUNTA(K16:L16)>COUNT(K16:L16),"CEK: ada isian bukan angka",IF(COUNT(K16:L16)=0,"KOSONG: isi volume JKN (K) dan Non-JKN (L)",IF(COUNT(K16:L16)<2,"BELUM LENGKAP: isi K dan L (boleh 0)",IF(OR(K16<0,L16<0),"CEK: harus angka ≥ 0","OK")))) -> KOSONG: isi volume JKN (K) dan Non-JKN (L)
A17: Trauma | F17: =IFERROR(IF(COUNT(B17:C17)<2,"",SUM(B17:C17)),"") | G17: =IFERROR(IF(COUNT(D17:E17)<2,"",SUM(D17:E17)),"") | I17: Instalasi Gizi | J17: hari rawat | K17: =IFERROR(D32,"") -> 0 | L17: =IFERROR(E32,"") -> 0 | M17: =IFERROR(K17+L17,"") -> 0 | S17: =IF(COUNTA(B17:C17)>COUNT(B17:C17),"CEK: ada isian bukan angka",IF(COUNT(B17:C17)=0,"KOSONG: isi kunjungan JKN dan Non-JKN (kolom B, C)",IF(COUNT(B17:C17)<2,"BELUM LENGKAP: isi B dan C (boleh 0)",IF(OR(B17<0,C17<0,B17<>INT(B17),C17<>INT(C17)),"CEK: harus bilangan bulat ≥ 0",IF(SUM(D17:E17)>0,"CEK: hari rawat hanya diisi di baris 2–6 (rawat inap)","OK"))))) -> KOSONG: isi kunjungan JKN dan Non-JKN (kolom B, C) | T17: OK: otomatis dari total hari rawat (tidak diisi)
A18: Paru | F18: =IFERROR(IF(COUNT(B18:C18)<2,"",SUM(B18:C18)),"") | G18: =IFERROR(IF(COUNT(D18:E18)<2,"",SUM(D18:E18)),"") | I18: Laundry Rumah Sakit | J18: kg linen | M18: =IFERROR(K18+L18,"") -> 0 | S18: =IF(COUNTA(B18:C18)>COUNT(B18:C18),"CEK: ada isian bukan angka",IF(COUNT(B18:C18)=0,"KOSONG: isi kunjungan JKN dan Non-JKN (kolom B, C)",IF(COUNT(B18:C18)<2,"BELUM LENGKAP: isi B dan C (boleh 0)",IF(OR(B18<0,C18<0,B18<>INT(B18),C18<>INT(C18)),"CEK: harus bilangan bulat ≥ 0",IF(SUM(D18:E18)>0,"CEK: hari rawat hanya diisi di baris 2–6 (rawat inap)","OK"))))) -> KOSONG: isi kunjungan JKN dan Non-JKN (kolom B, C) | T18: =IF(COUNTA(K18:L18)>COUNT(K18:L18),"CEK: ada isian bukan angka",IF(COUNT(K18:L18)=0,"KOSONG: isi volume JKN (K) dan Non-JKN (L)",IF(COUNT(K18:L18)<2,"BELUM LENGKAP: isi K dan L (boleh 0)",IF(OR(K18<0,L18<0),"CEK: harus angka ≥ 0","OK")))) -> KOSONG: isi volume JKN (K) dan Non-JKN (L)
A19: THT (Telinga, Hidung, Tenggorokan) | F19: =IFERROR(IF(COUNT(B19:C19)<2,"",SUM(B19:C19)),"") | G19: =IFERROR(IF(COUNT(D19:E19)<2,"",SUM(D19:E19)),"") | I19: Unit Sterilisasi Alat (CSSD) | J19: paket steril | M19: =IFERROR(K19+L19,"") -> 0 | S19: =IF(COUNTA(B19:C19)>COUNT(B19:C19),"CEK: ada isian bukan angka",IF(COUNT(B19:C19)=0,"KOSONG: isi kunjungan JKN dan Non-JKN (kolom B, C)",IF(COUNT(B19:C19)<2,"BELUM LENGKAP: isi B dan C (boleh 0)",IF(OR(B19<0,C19<0,B19<>INT(B19),C19<>INT(C19)),"CEK: harus bilangan bulat ≥ 0",IF(SUM(D19:E19)>0,"CEK: hari rawat hanya diisi di baris 2–6 (rawat inap)","OK"))))) -> KOSONG: isi kunjungan JKN dan Non-JKN (kolom B, C) | T19: =IF(COUNTA(K19:L19)>COUNT(K19:L19),"CEK: ada isian bukan angka",IF(COUNT(K19:L19)=0,"KOSONG: isi volume JKN (K) dan Non-JKN (L)",IF(COUNT(K19:L19)<2,"BELUM LENGKAP: isi K dan L (boleh 0)",IF(OR(K19<0,L19<0,K19<>INT(K19),L19<>INT(L19)),"CEK: harus bilangan bulat ≥ 0","OK")))) -> KOSONG: isi volume JKN (K) dan Non-JKN (L)
A20: Mata | F20: =IFERROR(IF(COUNT(B20:C20)<2,"",SUM(B20:C20)),"") | G20: =IFERROR(IF(COUNT(D20:E20)<2,"",SUM(D20:E20)),"") | I20: Gas Medis | J20: m³ oksigen | M20: =IFERROR(K20+L20,"") -> 0 | S20: =IF(COUNTA(B20:C20)>COUNT(B20:C20),"CEK: ada isian bukan angka",IF(COUNT(B20:C20)=0,"KOSONG: isi kunjungan JKN dan Non-JKN (kolom B, C)",IF(COUNT(B20:C20)<2,"BELUM LENGKAP: isi B dan C (boleh 0)",IF(OR(B20<0,C20<0,B20<>INT(B20),C20<>INT(C20)),"CEK: harus bilangan bulat ≥ 0",IF(SUM(D20:E20)>0,"CEK: hari rawat hanya diisi di baris 2–6 (rawat inap)","OK"))))) -> KOSONG: isi kunjungan JKN dan Non-JKN (kolom B, C) | T20: =IF(COUNTA(K20:L20)>COUNT(K20:L20),"CEK: ada isian bukan angka",IF(COUNT(K20:L20)=0,"KOSONG: isi volume JKN (K) dan Non-JKN (L)",IF(COUNT(K20:L20)<2,"BELUM LENGKAP: isi K dan L (boleh 0)",IF(OR(K20<0,L20<0),"CEK: harus angka ≥ 0","OK")))) -> KOSONG: isi volume JKN (K) dan Non-JKN (L)
A21: Kulit dan Kelamin | F21: =IFERROR(IF(COUNT(B21:C21)<2,"",SUM(B21:C21)),"") | G21: =IFERROR(IF(COUNT(D21:E21)<2,"",SUM(D21:E21)),"") | I21: Bank Darah | J21: kantong | M21: =IFERROR(K21+L21,"") -> 0 | S21: =IF(COUNTA(B21:C21)>COUNT(B21:C21),"CEK: ada isian bukan angka",IF(COUNT(B21:C21)=0,"KOSONG: isi kunjungan JKN dan Non-JKN (kolom B, C)",IF(COUNT(B21:C21)<2,"BELUM LENGKAP: isi B dan C (boleh 0)",IF(OR(B21<0,C21<0,B21<>INT(B21),C21<>INT(C21)),"CEK: harus bilangan bulat ≥ 0",IF(SUM(D21:E21)>0,"CEK: hari rawat hanya diisi di baris 2–6 (rawat inap)","OK"))))) -> KOSONG: isi kunjungan JKN dan Non-JKN (kolom B, C) | T21: =IF(COUNTA(K21:L21)>COUNT(K21:L21),"CEK: ada isian bukan angka",IF(COUNT(K21:L21)=0,"KOSONG: isi volume JKN (K) dan Non-JKN (L)",IF(COUNT(K21:L21)<2,"BELUM LENGKAP: isi K dan L (boleh 0)",IF(OR(K21<0,L21<0,K21<>INT(K21),L21<>INT(L21)),"CEK: harus bilangan bulat ≥ 0","OK")))) -> KOSONG: isi volume JKN (K) dan Non-JKN (L)
A22: Infeksi / Penyakit Tropis | F22: =IFERROR(IF(COUNT(B22:C22)<2,"",SUM(B22:C22)),"") | G22: =IFERROR(IF(COUNT(D22:E22)<2,"",SUM(D22:E22)),"") | I22: Bank Jaringan | J22: jaringan | M22: =IFERROR(K22+L22,"") -> 0 | S22: =IF(COUNTA(B22:C22)>COUNT(B22:C22),"CEK: ada isian bukan angka",IF(COUNT(B22:C22)=0,"KOSONG: isi kunjungan JKN dan Non-JKN (kolom B, C)",IF(COUNT(B22:C22)<2,"BELUM LENGKAP: isi B dan C (boleh 0)",IF(OR(B22<0,C22<0,B22<>INT(B22),C22<>INT(C22)),"CEK: harus bilangan bulat ≥ 0",IF(SUM(D22:E22)>0,"CEK: hari rawat hanya diisi di baris 2–6 (rawat inap)","OK"))))) -> KOSONG: isi kunjungan JKN dan Non-JKN (kolom B, C) | T22: =IF(COUNTA(K22:L22)>COUNT(K22:L22),"CEK: ada isian bukan angka",IF(COUNT(K22:L22)=0,"KOSONG: isi volume JKN (K) dan Non-JKN (L)",IF(COUNT(K22:L22)<2,"BELUM LENGKAP: isi K dan L (boleh 0)",IF(OR(K22<0,L22<0,K22<>INT(K22),L22<>INT(L22)),"CEK: harus bilangan bulat ≥ 0","OK")))) -> KOSONG: isi volume JKN (K) dan Non-JKN (L)
A23: Hematologi dan Onkologi Medik | F23: =IFERROR(IF(COUNT(B23:C23)<2,"",SUM(B23:C23)),"") | G23: =IFERROR(IF(COUNT(D23:E23)<2,"",SUM(D23:E23)),"") | S23: =IF(COUNTA(B23:C23)>COUNT(B23:C23),"CEK: ada isian bukan angka",IF(COUNT(B23:C23)=0,"KOSONG: isi kunjungan JKN dan Non-JKN (kolom B, C)",IF(COUNT(B23:C23)<2,"BELUM LENGKAP: isi B dan C (boleh 0)",IF(OR(B23<0,C23<0,B23<>INT(B23),C23<>INT(C23)),"CEK: harus bilangan bulat ≥ 0",IF(SUM(D23:E23)>0,"CEK: hari rawat hanya diisi di baris 2–6 (rawat inap)","OK"))))) -> KOSONG: isi kunjungan JKN dan Non-JKN (kolom B, C)
A24: Imunologi dan Reumatologi | F24: =IFERROR(IF(COUNT(B24:C24)<2,"",SUM(B24:C24)),"") | G24: =IFERROR(IF(COUNT(D24:E24)<2,"",SUM(D24:E24)),"") | I24: Volume penunjang menjadi dasar unit cost per item (resep, tes, pemeriksaan, jam operasi). Pada simulasi ini penunjang klinis dialokasikan sebagai pool terpisah. | S24: =IF(COUNTA(B24:C24)>COUNT(B24:C24),"CEK: ada isian bukan angka",IF(COUNT(B24:C24)=0,"KOSONG: isi kunjungan JKN dan Non-JKN (kolom B, C)",IF(COUNT(B24:C24)<2,"BELUM LENGKAP: isi B dan C (boleh 0)",IF(OR(B24<0,C24<0,B24<>INT(B24),C24<>INT(C24)),"CEK: harus bilangan bulat ≥ 0",IF(SUM(D24:E24)>0,"CEK: hari rawat hanya diisi di baris 2–6 (rawat inap)","OK"))))) -> KOSONG: isi kunjungan JKN dan Non-JKN (kolom B, C)
A25: Keracunan (Toksikologi) | F25: =IFERROR(IF(COUNT(B25:C25)<2,"",SUM(B25:C25)),"") | G25: =IFERROR(IF(COUNT(D25:E25)<2,"",SUM(D25:E25)),"") | S25: =IF(COUNTA(B25:C25)>COUNT(B25:C25),"CEK: ada isian bukan angka",IF(COUNT(B25:C25)=0,"KOSONG: isi kunjungan JKN dan Non-JKN (kolom B, C)",IF(COUNT(B25:C25)<2,"BELUM LENGKAP: isi B dan C (boleh 0)",IF(OR(B25<0,C25<0,B25<>INT(B25),C25<>INT(C25)),"CEK: harus bilangan bulat ≥ 0",IF(SUM(D25:E25)>0,"CEK: hari rawat hanya diisi di baris 2–6 (rawat inap)","OK"))))) -> KOSONG: isi kunjungan JKN dan Non-JKN (kolom B, C)
A26: Endokrin, Metabolik, dan Diabetes | F26: =IFERROR(IF(COUNT(B26:C26)<2,"",SUM(B26:C26)),"") | G26: =IFERROR(IF(COUNT(D26:E26)<2,"",SUM(D26:E26)),"") | S26: =IF(COUNTA(B26:C26)>COUNT(B26:C26),"CEK: ada isian bukan angka",IF(COUNT(B26:C26)=0,"KOSONG: isi kunjungan JKN dan Non-JKN (kolom B, C)",IF(COUNT(B26:C26)<2,"BELUM LENGKAP: isi B dan C (boleh 0)",IF(OR(B26<0,C26<0,B26<>INT(B26),C26<>INT(C26)),"CEK: harus bilangan bulat ≥ 0",IF(SUM(D26:E26)>0,"CEK: hari rawat hanya diisi di baris 2–6 (rawat inap)","OK"))))) -> KOSONG: isi kunjungan JKN dan Non-JKN (kolom B, C)
A27: Luka Bakar (Burn Unit) | F27: =IFERROR(IF(COUNT(B27:C27)<2,"",SUM(B27:C27)),"") | G27: =IFERROR(IF(COUNT(D27:E27)<2,"",SUM(D27:E27)),"") | S27: =IF(COUNTA(B27:C27)>COUNT(B27:C27),"CEK: ada isian bukan angka",IF(COUNT(B27:C27)=0,"KOSONG: isi kunjungan JKN dan Non-JKN (kolom B, C)",IF(COUNT(B27:C27)<2,"BELUM LENGKAP: isi B dan C (boleh 0)",IF(OR(B27<0,C27<0,B27<>INT(B27),C27<>INT(C27)),"CEK: harus bilangan bulat ≥ 0",IF(SUM(D27:E27)>0,"CEK: hari rawat hanya diisi di baris 2–6 (rawat inap)","OK"))))) -> KOSONG: isi kunjungan JKN dan Non-JKN (kolom B, C)
A28: Jiwa / Psikiatri | F28: =IFERROR(IF(COUNT(B28:C28)<2,"",SUM(B28:C28)),"") | G28: =IFERROR(IF(COUNT(D28:E28)<2,"",SUM(D28:E28)),"") | S28: =IF(COUNTA(B28:C28)>COUNT(B28:C28),"CEK: ada isian bukan angka",IF(COUNT(B28:C28)=0,"KOSONG: isi kunjungan JKN dan Non-JKN (kolom B, C)",IF(COUNT(B28:C28)<2,"BELUM LENGKAP: isi B dan C (boleh 0)",IF(OR(B28<0,C28<0,B28<>INT(B28),C28<>INT(C28)),"CEK: harus bilangan bulat ≥ 0",IF(SUM(D28:E28)>0,"CEK: hari rawat hanya diisi di baris 2–6 (rawat inap)","OK"))))) -> KOSONG: isi kunjungan JKN dan Non-JKN (kolom B, C)
A29: Gigi dan Mulut | F29: =IFERROR(IF(COUNT(B29:C29)<2,"",SUM(B29:C29)),"") | G29: =IFERROR(IF(COUNT(D29:E29)<2,"",SUM(D29:E29)),"") | S29: =IF(COUNTA(B29:C29)>COUNT(B29:C29),"CEK: ada isian bukan angka",IF(COUNT(B29:C29)=0,"KOSONG: isi kunjungan JKN dan Non-JKN (kolom B, C)",IF(COUNT(B29:C29)<2,"BELUM LENGKAP: isi B dan C (boleh 0)",IF(OR(B29<0,C29<0,B29<>INT(B29),C29<>INT(C29)),"CEK: harus bilangan bulat ≥ 0",IF(SUM(D29:E29)>0,"CEK: hari rawat hanya diisi di baris 2–6 (rawat inap)","OK"))))) -> KOSONG: isi kunjungan JKN dan Non-JKN (kolom B, C)
A30: Forensik dan Medikolegal | F30: =IFERROR(IF(COUNT(B30:C30)<2,"",SUM(B30:C30)),"") | G30: =IFERROR(IF(COUNT(D30:E30)<2,"",SUM(D30:E30)),"") | S30: =IF(COUNTA(B30:C30)>COUNT(B30:C30),"CEK: ada isian bukan angka",IF(COUNT(B30:C30)=0,"KOSONG: isi kunjungan JKN dan Non-JKN (kolom B, C)",IF(COUNT(B30:C30)<2,"BELUM LENGKAP: isi B dan C (boleh 0)",IF(OR(B30<0,C30<0,B30<>INT(B30),C30<>INT(C30)),"CEK: harus bilangan bulat ≥ 0",IF(SUM(D30:E30)>0,"CEK: hari rawat hanya diisi di baris 2–6 (rawat inap)","OK"))))) -> KOSONG: isi kunjungan JKN dan Non-JKN (kolom B, C)
A31: Rehabilitasi Medik | F31: =IFERROR(IF(COUNT(B31:C31)<2,"",SUM(B31:C31)),"") | G31: =IFERROR(IF(COUNT(D31:E31)<2,"",SUM(D31:E31)),"") | S31: =IF(COUNTA(B31:C31)>COUNT(B31:C31),"CEK: ada isian bukan angka",IF(COUNT(B31:C31)=0,"KOSONG: isi kunjungan JKN dan Non-JKN (kolom B, C)",IF(COUNT(B31:C31)<2,"BELUM LENGKAP: isi B dan C (boleh 0)",IF(OR(B31<0,C31<0,B31<>INT(B31),C31<>INT(C31)),"CEK: harus bilangan bulat ≥ 0",IF(SUM(D31:E31)>0,"CEK: hari rawat hanya diisi di baris 2–6 (rawat inap)","OK"))))) -> KOSONG: isi kunjungan JKN dan Non-JKN (kolom B, C)
A32: TOTAL VOLUME | B32: =IFERROR(SUM(B2:B31),"") -> 0 | C32: =IFERROR(SUM(C2:C31),"") -> 0 | D32: =IFERROR(SUM(D2:D31),"") -> 0 | E32: =IFERROR(SUM(E2:E31),"") -> 0 | F32: =IFERROR(SUM(F2:F31),"") -> 0 | G32: =IFERROR(SUM(G2:G31),"") -> 0
A34: Kunjungan: rawat jalan dan IGD. Hari rawat: rawat inap. Pisahkan JKN dan Non-JKN. Kolom kosong berarti unit tidak memiliki jenis layanan itu.
A35: Pusat biaya final = 6 pusat biaya tetap + 24 layanan. Nama harus sama persis dengan Costing Template.
A36: Pasien pulang dan tempat tidur per kelas ada pada blok statistik di kanan (kolom I sampai Q).
A38: DEFINISI OPERASIONAL (DO) DAN ATURAN ISIAN SHEET INI
A39: Isian (kolom dan baris) | B39: Definisi Operasional (DO) | I39: Aturan Validasi dan Cara Mengisi
A40: Kunjungan JKN (B7:B31) IGD dan 24 layanan | B40: Jumlah kunjungan (bukan jumlah pasien unik) pasien peserta JKN selama 1 Januari sampai 31 Desember. Pasien yang datang 3 kali dihitung 3 kunjungan. | I40: Wajib untuk baris 7–31. Bilangan bulat ≥ 0, isi 0 bila tidak ada. Satu kunjungan hanya dihitung di satu layanan. Baris 2–6 dikosongkan. Total semua layanan harus sama dengan total kunjungan poliklinik RS.
A41: Kunjungan Non-JKN (C7:C31) | B41: Jumlah kunjungan pasien umum, asuransi swasta, dan penjamin lain (bukan JKN) selama setahun. | I41: Sama dengan kunjungan JKN. Jumlah JKN + Non-JKN harus cocok dengan laporan SIMRS.
A42: Hari Rawat JKN (D2:D6) | B42: Jumlah hari pasien JKN menempati tempat tidur selama setahun. Pasien yang masuk dan pulang pada hari yang sama dihitung 1 hari. | I42: Wajib untuk baris 2–6 (KRIS C, B, A, VIP, ICU). Bilangan bulat ≥ 0. Tidak boleh melebihi tempat tidur × 365. Baris 7–31 dikosongkan agar tidak terhitung ganda.
A43: Hari Rawat Non-JKN (E2:E6) | B43: Jumlah hari pasien non-JKN menempati tempat tidur selama setahun. | I43: Sama dengan Hari Rawat JKN.
A44: Total Kunjungan dan Total Hari Rawat (F, G) | B44: Penjumlahan JKN + Non-JKN. Hanya muncul bila kedua kolom terisi. | I44: Otomatis dan terkunci. Jangan diisi.
A45: Tempat Tidur (J2:J6) | B45: Jumlah tempat tidur rawat inap yang terpasang pada kelas tersebut sesuai SK direktur. Bukan jumlah kamar. | I45: Wajib. Bilangan bulat ≥ 0. Isi 0 bila RS tidak punya kelas tersebut. Harus sama dengan kolom Jml Tempat Tidur (I) di Costing Template.
A46: Pasien Pulang (N2:N6) | B46: Jumlah pasien yang keluar dari rawat inap selama setahun, baik pulang hidup maupun meninggal. Pasien yang masih dirawat pada 31 Desember tidak dihitung. | I46: Wajib. Bilangan bulat ≥ 0. Dihitung satu kali, di kelas tempat pasien keluar. Dipakai untuk ALOS.
A47: BOR, ALOS, Status BOR (O, P, Q) | B47: BOR = hari rawat ÷ (tempat tidur × 365) × 100. ALOS = hari rawat ÷ pasien pulang. | I47: Otomatis. Status CEK bila BOR di luar 40–90% per kelas (50–85% total RS). Periksa tempat tidur dan hari rawat.
A48: Volume Farmasi (K11:L11) | B48: Jumlah lembar resep yang dilayani setahun (rawat jalan, IGD, dan rawat inap). | I48: Bilangan bulat ≥ 0. Isi JKN dan Non-JKN. Isi 0 bila RS tidak punya unit.
A49: Volume Radiologi (K12:L12) | B49: Jumlah pemeriksaan radiologi setahun (satu jenis pemeriksaan dihitung satu kali, bukan jumlah lembar film). | I49: Bilangan bulat ≥ 0.
A50: Volume Laboratorium (K13:L13) | B50: Jumlah tes (parameter pemeriksaan) laboratorium setahun, bukan jumlah pasien. | I50: Bilangan bulat ≥ 0.
... A59: Volume Bank Jaringan (K22:L22) | B59: Jumlah jaringan yang diproses atau didistribusikan setahun. | I59: Bilangan bulat ≥ 0.

Sheet Data LO Lapkeu
A1: LAPORAN OPERASIONAL (LO) TAHUN DATA (RUPIAH) | B1: Realisasi (Rp) | C1: Keterangan | D1: Definisi Operasional (DO) | E1: Aturan Validasi Isian | F1: Hasil Pemeriksaan
A2: I. PENDAPATAN OPERASIONAL
A3: Pendapatan Alokasi APBN | C3: Pendanaan pemerintah. | D3: Pendapatan dari alokasi APBN yang diakui pada LO tahun data. | E3: Wajib. Rupiah penuh, angka ≥ 0, tanpa titik, koma, atau Rp. Isi 0 bila tidak ada. Salin apa adanya dari LO. | F3: =IF(B3="","KOSONG: isi 0 bila tidak ada",IF(AND(ISNUMBER(B3),B3>=0),"OK","CEK: harus angka ≥ 0")) -> KOSONG: isi 0 bila tidak ada
A4: Pendapatan Jasa Layanan dari Masyarakat | C4: Pasien JKN dan umum. | D4: Pendapatan jasa layanan dari pasien/masyarakat (JKN dan umum) pada LO tahun data. | E4: Wajib. Rupiah penuh, angka ≥ 0, tanpa titik, koma, atau Rp. Isi 0 bila tidak ada. Salin apa adanya dari LO. | F4: =IF(B4="","KOSONG: isi 0 bila tidak ada",IF(AND(ISNUMBER(B4),B4>=0),"OK","CEK: harus angka ≥ 0")) -> KOSONG: isi 0 bila tidak ada
A5: Pendapatan Jasa Layanan dari Entitas Lain | C5: Asuransi dan penjamin lain. | D5: Pendapatan jasa layanan dari asuransi dan penjamin lain pada LO tahun data. | E5: Wajib. Rupiah penuh, angka ≥ 0, tanpa titik, koma, atau Rp. Isi 0 bila tidak ada. Salin apa adanya dari LO. | F5: =IF(B5="","KOSONG: isi 0 bila tidak ada",IF(AND(ISNUMBER(B5),B5>=0),"OK","CEK: harus angka ≥ 0")) -> KOSONG: isi 0 bila tidak ada
A6: Pendapatan Hibah BLU | C6: Pendanaan pemerintah. | D6: Pendapatan hibah yang diterima BLU (uang, barang, atau jasa) pada LO tahun data. | E6: Wajib. Rupiah penuh, angka ≥ 0, tanpa titik, koma, atau Rp. Isi 0 bila tidak ada. Salin apa adanya dari LO. | F6: =IF(B6="","KOSONG: isi 0 bila tidak ada",IF(AND(ISNUMBER(B6),B6>=0),"OK","CEK: harus angka ≥ 0")) -> KOSONG: isi 0 bila tidak ada
A7: Pendapatan Hasil Kerja Sama BLU | D7: Pendapatan hasil kerja sama BLU dengan pihak lain pada LO tahun data. | E7: Wajib. Rupiah penuh, angka ≥ 0, tanpa titik, koma, atau Rp. Isi 0 bila tidak ada. Salin apa adanya dari LO. | F7: =IF(B7="","KOSONG: isi 0 bila tidak ada",IF(AND(ISNUMBER(B7),B7>=0),"OK","CEK: harus angka ≥ 0")) -> KOSONG: isi 0 bila tidak ada
A8: Pendapatan BLU Lainnya | C8: Sewa, parkir, dan lain-lain. | D8: Pendapatan BLU lainnya, misalnya sewa dan parkir, pada LO tahun data. | E8: Wajib. Rupiah penuh, angka ≥ 0, tanpa titik, koma, atau Rp. Isi 0 bila tidak ada. Salin apa adanya dari LO. | F8: =IF(B8="","KOSONG: isi 0 bila tidak ada",IF(AND(ISNUMBER(B8),B8>=0),"OK","CEK: harus angka ≥ 0")) -> KOSONG: isi 0 bila tidak ada
A9: JUMLAH PENDAPATAN | B9: =IFERROR(SUM(B3:B8),"") -> 0 | C9: Otomatis. | D9: Total pendapatan = baris 3 sampai 8. | E9: Otomatis (terkunci). Jangan diisi.
A10: II. BEBAN OPERASIONAL
A11: Beban Pegawai | C11: Gaji, tunjangan, jasa pelayanan, dan remunerasi. | D11: Beban pegawai pada LO: gaji, tunjangan, jasa pelayanan, remunerasi. | E11: Wajib. Rupiah penuh, angka ≥ 0, tanpa titik, koma, atau Rp. Isi 0 bila tidak ada. Salin apa adanya dari LO. | F11: =IF(B11="","KOSONG: isi 0 bila tidak ada",IF(AND(ISNUMBER(B11),B11>=0),"OK","CEK: harus angka ≥ 0")) -> KOSONG: isi 0 bila tidak ada
A12: Beban Persediaan | C12: Obat, BMHP, reagen, bahan makanan. | D12: Beban persediaan pada LO: obat, BMHP, reagen, bahan makanan. | E12: Wajib. Rupiah penuh, angka ≥ 0, tanpa titik, koma, atau Rp. Isi 0 bila tidak ada. Salin apa adanya dari LO. | F12: =IF(B12="","KOSONG: isi 0 bila tidak ada",IF(AND(ISNUMBER(B12),B12>=0),"OK","CEK: harus angka ≥ 0")) -> KOSONG: isi 0 bila tidak ada
A13: Beban Barang dan Jasa | C13: Listrik, air, jasa pihak ketiga. | D13: Beban barang dan jasa pada LO: listrik, air, jasa pihak ketiga. | E13: Wajib. Rupiah penuh, angka ≥ 0, tanpa titik, koma, atau Rp. Isi 0 bila tidak ada. Salin apa adanya dari LO. | F13: =IF(B13="","KOSONG: isi 0 bila tidak ada",IF(AND(ISNUMBER(B13),B13>=0),"OK","CEK: harus angka ≥ 0")) -> KOSONG: isi 0 bila tidak ada
A14: Beban Pemeliharaan | D14: Beban pemeliharaan alat, gedung, dan sarana pada LO. | E14: Wajib. Rupiah penuh, angka ≥ 0, tanpa titik, koma, atau Rp. Isi 0 bila tidak ada. Salin apa adanya dari LO. | F14: =IF(B14="","KOSONG: isi 0 bila tidak ada",IF(AND(ISNUMBER(B14),B14>=0),"OK","CEK: harus angka ≥ 0")) -> KOSONG: isi 0 bila tidak ada
A15: Beban Perjalanan Dinas | D15: Beban perjalanan dinas pada LO. | E15: Wajib. Rupiah penuh, angka ≥ 0, tanpa titik, koma, atau Rp. Isi 0 bila tidak ada. Salin apa adanya dari LO. | F15: =IF(B15="","KOSONG: isi 0 bila tidak ada",IF(AND(ISNUMBER(B15),B15>=0),"OK","CEK: harus angka ≥ 0")) -> KOSONG: isi 0 bila tidak ada
A16: Beban Penyusutan dan Amortisasi | D16: Beban penyusutan dan amortisasi aset pada LO. | E16: Wajib. Rupiah penuh, angka ≥ 0, tanpa titik, koma, atau Rp. Isi 0 bila tidak ada. Salin apa adanya dari LO. | F16: =IF(B16="","KOSONG: isi 0 bila tidak ada",IF(AND(ISNUMBER(B16),B16>=0),"OK","CEK: harus angka ≥ 0")) -> KOSONG: isi 0 bila tidak ada
A17: Beban Penyisihan Piutang Tak Tertagih | D17: Beban penyisihan piutang tak tertagih pada LO. | E17: Wajib. Rupiah penuh, angka ≥ 0, tanpa titik, koma, atau Rp. Isi 0 bila tidak ada. Salin apa adanya dari LO. | F17: =IF(B17="","KOSONG: isi 0 bila tidak ada",IF(AND(ISNUMBER(B17),B17>=0),"OK","CEK: harus angka ≥ 0")) -> KOSONG: isi 0 bila tidak ada
A18: JUMLAH BEBAN OPERASIONAL | B18: =IFERROR(SUM(B11:B17),"") -> 0 | C18: Otomatis. | D18: Total beban operasional = baris 11 sampai 17. | E18: Otomatis (terkunci). Jangan diisi.
A19: SURPLUS (DEFISIT) DARI KEGIATAN OPERASIONAL | B19: =IFERROR(B9-B18,"") -> 0 | C19: Otomatis. | D19: Pendapatan dikurangi beban operasional. | E19: Otomatis (terkunci). Jangan diisi.
A20: Surplus/Defisit Pelepasan Aset Non Lancar | C20: Pendapatan pelepasan aset dikurangi beban pelepasan aset. Isi negatif jika defisit. | D20: Pendapatan pelepasan aset non lancar dikurangi bebannya. Hasil bersih surplus atau defisit. | E20: Wajib. Rupiah penuh tanpa titik, koma, atau Rp. Boleh negatif bila defisit (tulis dengan tanda minus). Isi 0 bila tidak ada. | F20: =IF(B20="","KOSONG: isi 0 bila tidak ada",IF(ISNUMBER(B20),"OK","CEK: harus angka")) -> KOSONG: isi 0 bila tidak ada
A21: Surplus/Defisit Kegiatan Non Operasional Lainnya | C21: Pendapatan dikurangi beban kegiatan non operasional lainnya. Isi negatif jika defisit. | D21: Pendapatan non operasional lainnya dikurangi bebannya. Hasil bersih surplus atau defisit. | E21: Wajib. Rupiah penuh tanpa titik, koma, atau Rp. Boleh negatif bila defisit (tulis dengan tanda minus). Isi 0 bila tidak ada. | F21: =IF(B21="","KOSONG: isi 0 bila tidak ada",IF(ISNUMBER(B21),"OK","CEK: harus angka")) -> KOSONG: isi 0 bila tidak ada
A22: JUMLAH SURPLUS (DEFISIT) KEGIATAN NON OPERASIONAL | B22: =IFERROR(B20+B21,"") -> 0 | C22: Otomatis. | D22: Jumlah surplus (defisit) kegiatan non operasional. | E22: Otomatis (terkunci). Jangan diisi.
A23: SURPLUS (DEFISIT) LO | B23: =IFERROR(B19+B22,"") -> 0 | C23: Otomatis. | D23: Surplus (defisit) LO hasil hitungan template. | E23: Otomatis (terkunci). Jangan diisi.
A24: Surplus (Defisit) LO sesuai laporan | C24: Angka pada laporan resmi. | D24: Angka surplus (defisit) LO pada laporan resmi, dipakai untuk menguji hitungan template. | E24: Wajib. Rupiah penuh tanpa titik, koma, atau Rp. Boleh negatif bila defisit (tulis dengan tanda minus). Isi 0 bila tidak ada. Selisih dengan B23 harus 0. | F24: =IF(B24="","KOSONG: isi angka laporan",IF(NOT(ISNUMBER(B24)),"CEK: harus angka",IF(ABS(N(B25))<=1000,"OK","CEK: beda dengan hitungan B23, periksa baris 3-21"))) -> KOSONG: isi angka laporan
A25: Selisih (harus 0) | B25: =IFERROR(B23-B24,"") -> 0 | C25: Otomatis. | D25: Selisih surplus (defisit) hitungan dan laporan. Harus 0. | E25: Otomatis (terkunci). Jangan diisi. | F25: =IF(B25="","Menunggu: data",IF(ABS(B25)<=1000,"OK","CEK: selisih tidak 0")) -> OK
A26: III. RINCIAN BEBAN UNTUK COSTING
A27: Biaya Gaji | C27: Masuk kolom Biaya Gaji di Costing Template. | D27: Gaji pokok dan tunjangan pegawai setahun. Tidak termasuk jasa pelayanan. | E27: Wajib. Rupiah penuh, angka ≥ 0, tanpa titik, koma, atau Rp. Isi 0 bila tidak ada. Salin apa adanya dari LO. Harus sama dengan total kolom Biaya Gaji di Costing Template. | F27: =IF(B27="","KOSONG: isi 0 bila tidak ada",IF(NOT(AND(ISNUMBER(B27),B27>=0)),"CEK: harus angka ≥ 0",IF(N('Costing Template'!S69)=0,"OK",IF(ABS(N(B43))>1000,"CEK: beda dengan total kolom Costing Template (lihat B43)","OK")))) -> KOSONG: isi 0 bila tidak ada
A28: Biaya Jasa Medis/Remunerasi Dokter | C28: Masuk kolom Biaya Jasa Medis. | D28: Jasa pelayanan dan remunerasi dokter setahun. | E28: Wajib. Rupiah penuh, angka ≥ 0, tanpa titik, koma, atau Rp. Isi 0 bila tidak ada. Salin apa adanya dari LO. Harus sama dengan total kolom Biaya Jasa Medis di Costing Template. | F28: =IF(B28="","KOSONG: isi 0 bila tidak ada",IF(NOT(AND(ISNUMBER(B28),B28>=0)),"CEK: harus angka ≥ 0",IF(N('Costing Template'!S69)=0,"OK",IF(ABS(N(B44))>1000,"CEK: beda dengan total kolom Costing Template (lihat B44)","OK")))) -> KOSONG: isi 0 bila tidak ada
A29: Biaya Jasa Lainnya/Remunerasi Staf | C29: Masuk kolom Biaya Jasa Medis Lain. | D29: Jasa pelayanan dan remunerasi perawat dan staf lain setahun. | E29: Wajib. Rupiah penuh, angka ≥ 0, tanpa titik, koma, atau Rp. Isi 0 bila tidak ada. Salin apa adanya dari LO. Harus sama dengan total kolom Biaya Jasa Medis Lain di Costing Template. | F29: =IF(B29="","KOSONG: isi 0 bila tidak ada",IF(NOT(AND(ISNUMBER(B29),B29>=0)),"CEK: harus angka ≥ 0",IF(N('Costing Template'!S69)=0,"OK",IF(ABS(N(B45))>1000,"CEK: beda dengan total kolom Costing Template (lihat B45)","OK")))) -> KOSONG: isi 0 bila tidak ada
A30: Biaya Operasional Lainnya | C30: Persediaan, barang dan jasa, pemeliharaan, perjalanan dinas, piutang, dan pegawai lainnya. | D30: Seluruh biaya di luar gaji, jasa, dan penyusutan: persediaan, barang dan jasa, pemeliharaan, perjalanan dinas, piutang, dan beban pegawai lainnya. | E30: Wajib. Rupiah penuh, angka ≥ 0, tanpa titik, koma, atau Rp. Isi 0 bila tidak ada. Salin apa adanya dari LO. Harus sama dengan total Biaya Operasional di Costing Template. | F30: =IF(B30="","KOSONG: isi 0 bila tidak ada",IF(NOT(AND(ISNUMBER(B30),B30>=0)),"CEK: harus angka ≥ 0",IF(N('Costing Template'!S69)=0,"OK",IF(ABS(N(B46))>1000,"CEK: beda dengan total kolom Costing Template (lihat B46)","OK")))) -> KOSONG: isi 0 bila tidak ada
A31: Penyusutan Investasi (Alat Medik dan Non Medik) | C31: Nilai alat ÷ 5 tahun. | D31: Penyusutan alat medik dan non medik setahun = nilai perolehan alat ÷ 5 tahun. | E31: Wajib. Rupiah penuh, angka ≥ 0, tanpa titik, koma, atau Rp. Isi 0 bila tidak ada. Salin apa adanya dari LO. Harus sama dengan total Dep. Peralatan di Costing Template. | F31: =IF(B31="","KOSONG: isi 0 bila tidak ada",IF(NOT(AND(ISNUMBER(B31),B31>=0)),"CEK: harus angka ≥ 0",IF(N('Costing Template'!S69)=0,"OK",IF(ABS(N(B47))>1000,"CEK: beda dengan total kolom Costing Template (lihat B47)","OK")))) -> KOSONG: isi 0 bila tidak ada
A32: Penyusutan Gedung | C32: Investasi gedung ÷ 40 tahun. | D32: Penyusutan gedung setahun = nilai perolehan gedung ÷ 40 tahun. | E32: Wajib. Rupiah penuh, angka ≥ 0, tanpa titik, koma, atau Rp. Isi 0 bila tidak ada. Salin apa adanya dari LO. Harus sama dengan total Dep. Gedung di Costing Template. | F32: =IF(B32="","KOSONG: isi 0 bila tidak ada",IF(NOT(AND(ISNUMBER(B32),B32>=0)),"CEK: harus angka ≥ 0",IF(N('Costing Template'!S69)=0,"OK",IF(ABS(N(B48))>1000,"CEK: beda dengan total kolom Costing Template (lihat B48)","OK")))) -> KOSONG: isi 0 bila tidak ada
A33: TOTAL BIAYA RUMAH SAKIT | B33: =IFERROR(SUM(B27:B32),"") -> 0 | C33: Otomatis. | D33: Total biaya RS untuk costing = baris 27 sampai 32. | E33: Otomatis (terkunci). Jangan diisi.
A34: Selisih terhadap jumlah beban LO (harus 0) | B34: =IFERROR(B33-B18,"") -> 0 | C34: Otomatis. | D34: Total biaya costing dikurangi total beban LO. Harus 0. | E34: Otomatis (terkunci). Jangan diisi. | F34: =IF(B34="","Menunggu: data",IF(ABS(B34)<=1000,"OK","CEK: selisih tidak 0")) -> OK
A35: IV. PEMBAGIAN PENDAPATAN
A36: Pendapatan Fungsional JKN | C36: Dari klaim JKN. | D36: Pendapatan klaim JKN (BPJS) yang diterima RS pada tahun data. | E36: Wajib. Rupiah penuh, angka ≥ 0, tanpa titik, koma, atau Rp. Isi 0 bila tidak ada. Salin apa adanya dari LO. Tidak boleh lebih besar dari B4 + B5. | F36: =IF(B36="","KOSONG: isi 0 bila tidak ada",IF(NOT(AND(ISNUMBER(B36),B36>=0)),"CEK: harus angka ≥ 0",IF(B36>N(B4)+N(B5),"CEK: melebihi pendapatan jasa layanan (B4+B5)","OK"))) -> KOSONG: isi 0 bila tidak ada
A37: Pendapatan Fungsional Non-JKN | B37: =IFERROR(B4+B5-B36,"") -> 0 | C37: Sisa pendapatan jasa layanan. | D37: Pendapatan jasa layanan di luar JKN = B4 + B5 − B36. | E37: Otomatis (terkunci). Jangan diisi. | F37: =IF(B37="","Menunggu: data",IF(B37<0,"CEK: negatif, periksa B36","OK")) -> OK
A38: Pendapatan Layanan Lainnya | B38: =IFERROR(B7+B8,"") -> 0 | C38: Otomatis. | D38: Pendapatan hasil kerja sama dan BLU lainnya = B7 + B8. | E38: Otomatis (terkunci). Jangan diisi.
A39: Pendanaan Pemerintah (APBN dan Hibah) | B39: =IFERROR(B3+B6,"") -> 0 | C39: Otomatis. | D39: Pendanaan pemerintah = alokasi APBN + hibah (B3 + B6). | E39: Otomatis (terkunci). Jangan diisi.
A40: TOTAL PENDAPATAN | B40: =IFERROR(SUM(B36:B39),"") -> 0 | C40: Otomatis. | D40: Total pendapatan dari pembagian di atas. | E40: Otomatis (terkunci). Jangan diisi.
A41: Selisih terhadap jumlah pendapatan LO (harus 0) | B41: =IFERROR(B40-B9,"") -> 0 | C41: Otomatis. | D41: Total pendapatan pembagian dikurangi jumlah pendapatan LO. Harus 0. | E41: Otomatis (terkunci). Jangan diisi. | F41: =IF(B41="","Menunggu: data",IF(ABS(B41)<=1000,"OK","CEK: selisih tidak 0")) -> OK
A42: V. REKONSILIASI KE COSTING TEMPLATE (SELISIH, HARUS 0)
A43: Biaya gaji | B43: =IFERROR('Costing Template'!J69-B27,"") -> 0 | C43: Costing Template dikurangi rincian. | D43: Selisih total kolom di Costing Template dikurangi rincian di atas. Harus 0. | E43: Otomatis (terkunci). Jangan diisi. | F43: =IF(B43="","Menunggu: data",IF(ABS(B43)<=1000,"OK","CEK: selisih tidak 0")) -> OK
A44: Jasa medis dokter | B44: =IFERROR('Costing Template'!K69-B28,"") -> 0 | D44: Selisih total kolom di Costing Template dikurangi rincian di atas. Harus 0. | E44: Otomatis (terkunci). Jangan diisi. | F44: =IF(B44="","Menunggu: data",IF(ABS(B44)<=1000,"OK","CEK: selisih tidak 0")) -> OK
A45: Jasa medis lain | B45: =IFERROR('Costing Template'!L69-B29,"") -> 0 | D45: Selisih total kolom di Costing Template dikurangi rincian di atas. Harus 0. | E45: Otomatis (terkunci). Jangan diisi. | F45: =IF(B45="","Menunggu: data",IF(ABS(B45)<=1000,"OK","CEK: selisih tidak 0")) -> OK
A46: Biaya operasional | B46: =IFERROR('Costing Template'!M69-B30,"") -> 0 | D46: Selisih total kolom di Costing Template dikurangi rincian di atas. Harus 0. | E46: Otomatis (terkunci). Jangan diisi. | F46: =IF(B46="","Menunggu: data",IF(ABS(B46)<=1000,"OK","CEK: selisih tidak 0")) -> OK
A47: Penyusutan alat | B47: =IFERROR('Costing Template'!P69-B31,"") -> 0 | D47: Selisih total kolom di Costing Template dikurangi rincian di atas. Harus 0. | E47: Otomatis (terkunci). Jangan diisi. | F47: =IF(B47="","Menunggu: data",IF(ABS(B47)<=1000,"OK","CEK: selisih tidak 0")) -> OK
A48: Penyusutan gedung | B48: =IFERROR('Costing Template'!Q69-B32,"") -> 0 | D48: Selisih total kolom di Costing Template dikurangi rincian di atas. Harus 0. | E48: Otomatis (terkunci). Jangan diisi. | F48: =IF(B48="","Menunggu: data",IF(ABS(B48)<=1000,"OK","CEK: selisih tidak 0")) -> OK
A49: Total biaya | B49: =IFERROR('Costing Template'!S69-B18,"") -> 0 | D49: Selisih total kolom di Costing Template dikurangi rincian di atas. Harus 0. | E49: Otomatis (terkunci). Jangan diisi. | F49: =IF(B49="","Menunggu: data",IF(ABS(B49)<=1000,"OK","CEK: selisih tidak 0")) -> OK
A50: Status | B50: =IFERROR(IF(B18=0,"Belum diisi",IF(SUMPRODUCT(ABS(B43:B49))<=1000,"BALANCE","CEK")),"") -> Belum diisi | C50: Toleransi Rp1.000. | D50: Status keseluruhan rekonsiliasi ke Costing Template. | E50: Otomatis (terkunci). Jangan diisi. | F50: =IF(B50="Belum diisi","Menunggu: data",IF(B50="BALANCE","OK","CEK: ada selisih, lihat baris 43-49")) -> Menunggu: data
A51: Catatan reklasifikasi: beban pegawai LO dikurangi gaji dan jasa | B51: =IFERROR(B11-B27-B28-B29,"") -> 0 | C51: Dicatat sebagai operasional lainnya pada costing. | D51: Beban pegawai LO dikurangi gaji dan jasa. Dicatat sebagai operasional lainnya. | E51: Otomatis (terkunci). Jangan diisi.
A52: Catatan reklasifikasi: penyusutan LO dikurangi penyusutan costing | B52: =IFERROR(B16-B31-B32,"") -> 0 | C52: Dicatat sebagai operasional lainnya pada costing. | D52: Penyusutan LO dikurangi penyusutan costing. Dicatat sebagai operasional lainnya. | E52: Otomatis (terkunci). Jangan diisi.

Sheet Costing Template
A1: TEMPLATE INPUT DATA COSTING RS
A2: Tahun Data: | J2: Tipe RS: | M2: Kepemilikan: | T2: =IF(OR(B2="",K2="",N2=""),"KOSONG: lengkapi tahun, tipe, dan kepemilikan",IF(AND(B2='Data Dasar RS'!B5,K2='Data Dasar RS'!B3,N2='Data Dasar RS'!B4),"OK: sama dengan Data Dasar RS","CEK: beda dengan Data Dasar RS (B3, B4, B5)")) -> KOSONG: lengkapi tahun, tipe, dan kepemilikan
T3: =COUNTIF(T6:T17,"OK*")+COUNTIF(T22:T33,"OK*")+COUNTIF(T38:T67,"OK*")&" dari 54 baris sudah OK" -> 0 dari 54 baris sudah OK
A4: A. PUSAT BIAYA PENUNJANG UMUM (OVERHEAD)
A5: No | B5: Nama Unit / Pusat Biaya | C5: Dasar Alokasi | D5: Jumlah Staf | E5: Hari Rawat | F5: Pasien Pulang | G5: Jml Kunjungan | H5: ALOS | I5: Jml Tempat Tidur | J5: Biaya Gaji | K5: Biaya Jasa Medis | L5: Biaya Jasa Medis Lain | M5: Biaya Operasional | N5: Nilai Alat | O5: Investasi Gedung | P5: Dep. Peralatan (Otomatis) | Q5: Dep. Gedung (Otomatis) | R5: Luas Lantai (m²) | S5: Total Biaya Langsung (Otomatis) | T5: HASIL PEMERIKSAAN BARIS
A6: 1 | B6: Manajemen & Administrasi | C6: jumlah_staf | P6: =IFERROR(IF(COUNT(N6)=0,"",N6/5),"") | Q6: =IFERROR(IF(COUNT(O6)=0,"",O6/40),"") | S6: =IFERROR(IF(COUNT(J6:O6)<6,"",SUM(J6:M6,P6:Q6)),"") | T6: =IF(COUNT(D6,J6:O6,R6)=0,"KOSONG: isi staf, biaya, nilai alat, dan luas lantai",IF(COUNTA(D6,J6:O6,R6)>COUNT(D6,J6:O6,R6),"CEK: ada isian bukan angka",IF(C6="","CEK: pilih dasar alokasi",IF(COUNT(D6,J6:O6,R6)<8,"BELUM LENGKAP: "&(8-COUNT(D6,J6:O6,R6))&" sel kosong (isi 0 bila tidak ada)",IF(MIN(D6,J6:O6,R6)<0,"CEK: ada angka negatif",IF(D6<>INT(D6),"CEK: jumlah staf harus bilangan bulat",IF(AND(C6="jumlah_staf",D6=0),"CEK: dasar alokasi jumlah_staf tetapi staf = 0",IF(AND(C6="luas_lantai",R6=0),"CEK: dasar alokasi luas_lantai tetapi luas = 0",IF(AND(J6>0,D6=0),"CEK: ada biaya gaji tetapi staf = 0",IF(AND(O6>0,R6=0),"CEK: ada investasi gedung tetapi luas = 0","OK")))))))))) -> KOSONG: isi staf, biaya, nilai alat, dan luas lantai
A7: 2 | B7: Komite & Pengawasan | C7: jumlah_staf | P7: =IFERROR(IF(COUNT(N7)=0,"",N7/5),"") | Q7: =IFERROR(IF(COUNT(O7)=0,"",O7/40),"") | S7: =IFERROR(IF(COUNT(J7:O7)<6,"",SUM(J7:M7,P7:Q7)),"") | T7: =IF(COUNT(D7,J7:O7,R7)=0,"KOSONG: isi staf, biaya, nilai alat, dan luas lantai",IF(COUNTA(D7,J7:O7,R7)>COUNT(D7,J7:O7,R7),"CEK: ada isian bukan angka",IF(C7="","CEK: pilih dasar alokasi",IF(COUNT(D7,J7:O7,R7)<8,"BELUM LENGKAP: "&(8-COUNT(D7,J7:O7,R7))&" sel kosong (isi 0 bila tidak ada)",IF(MIN(D7,J7:O7,R7)<0,"CEK: ada angka negatif",IF(D7<>INT(D7),"CEK: jumlah staf harus bilangan bulat",IF(AND(C7="jumlah_staf",D7=0),"CEK: dasar alokasi jumlah_staf tetapi staf = 0",IF(AND(C7="luas_lantai",R7=0),"CEK: dasar alokasi luas_lantai tetapi luas = 0",IF(AND(J7>0,D7=0),"CEK: ada biaya gaji tetapi staf = 0",IF(AND(O7>0,R7=0),"CEK: ada investasi gedung tetapi luas = 0","OK")))))))))) -> KOSONG: isi staf, biaya, nilai alat, dan luas lantai
A8: 3 | B8: Teknologi Informasi | C8: jumlah_staf | P8: =IFERROR(IF(COUNT(N8)=0,"",N8/5),"") | Q8: =IFERROR(IF(COUNT(O8)=0,"",O8/40),"") | S8: =IFERROR(IF(COUNT(J8:O8)<6,"",SUM(J8:M8,P8:Q8)),"") | T8: =IF(COUNT(D8,J8:O8,R8)=0,"KOSONG: isi staf, biaya, nilai alat, dan luas lantai",IF(COUNTA(D8,J8:O8,R8)>COUNT(D8,J8:O8,R8),"CEK: ada isian bukan angka",IF(C8="","CEK: pilih dasar alokasi",IF(COUNT(D8,J8:O8,R8)<8,"BELUM LENGKAP: "&(8-COUNT(D8,J8:O8,R8))&" sel kosong (isi 0 bila tidak ada)",IF(MIN(D8,J8:O8,R8)<0,"CEK: ada angka negatif",IF(D8<>INT(D8),"CEK: jumlah staf harus bilangan bulat",IF(AND(C8="jumlah_staf",D8=0),"CEK: dasar alokasi jumlah_staf tetapi staf = 0",IF(AND(C8="luas_lantai",R8=0),"CEK: dasar alokasi luas_lantai tetapi luas = 0",IF(AND(J8>0,D8=0),"CEK: ada biaya gaji tetapi staf = 0",IF(AND(O8>0,R8=0),"CEK: ada investasi gedung tetapi luas = 0","OK")))))))))) -> KOSONG: isi staf, biaya, nilai alat, dan luas lantai
A9: 4 | B9: Pendidikan & Penelitian | C9: jumlah_staf | P9: =IFERROR(IF(COUNT(N9)=0,"",N9/5),"") | Q9: =IFERROR(IF(COUNT(O9)=0,"",O9/40),"") | S9: =IFERROR(IF(COUNT(J9:O9)<6,"",SUM(J9:M9,P9:Q9)),"") | T9: =IF(COUNT(D9,J9:O9,R9)=0,"KOSONG: isi staf, biaya, nilai alat, dan luas lantai",IF(COUNTA(D9,J9:O9,R9)>COUNT(D9,J9:O9,R9),"CEK: ada isian bukan angka",IF(C9="","CEK: pilih dasar alokasi",IF(COUNT(D9,J9:O9,R9)<8,"BELUM LENGKAP: "&(8-COUNT(D9,J9:O9,R9))&" sel kosong (isi 0 bila tidak ada)",IF(MIN(D9,J9:O9,R9)<0,"CEK: ada angka negatif",IF(D9<>INT(D9),"CEK: jumlah staf harus bilangan bulat",IF(AND(C9="jumlah_staf",D9=0),"CEK: dasar alokasi jumlah_staf tetapi staf = 0",IF(AND(C9="luas_lantai",R9=0),"CEK: dasar alokasi luas_lantai tetapi luas = 0",IF(AND(J9>0,D9=0),"CEK: ada biaya gaji tetapi staf = 0",IF(AND(O9>0,R9=0),"CEK: ada investasi gedung tetapi luas = 0","OK")))))))))) -> KOSONG: isi staf, biaya, nilai alat, dan luas lantai
A10: 5 | B10: Keamanan & Keselamatan | C10: luas_lantai | P10: =IFERROR(IF(COUNT(N10)=0,"",N10/5),"") | Q10: =IFERROR(IF(COUNT(O10)=0,"",O10/40),"") | S10: =IFERROR(IF(COUNT(J10:O10)<6,"",SUM(J10:M10,P10:Q10)),"") | T10: =IF(COUNT(D10,J10:O10,R10)=0,"KOSONG: isi staf, biaya, nilai alat, dan luas lantai",IF(COUNTA(D10,J10:O10,R10)>COUNT(D10,J10:O10,R10),"CEK: ada isian bukan angka",IF(C10="","CEK: pilih dasar alokasi",IF(COUNT(D10,J10:O10,R10)<8,"BELUM LENGKAP: "&(8-COUNT(D10,J10:O10,R10))&" sel kosong (isi 0 bila tidak ada)",IF(MIN(D10,J10:O10,R10)<0,"CEK: ada angka negatif",IF(D10<>INT(D10),"CEK: jumlah staf harus bilangan bulat",IF(AND(C10="jumlah_staf",D10=0),"CEK: dasar alokasi jumlah_staf tetapi staf = 0",IF(AND(C10="luas_lantai",R10=0),"CEK: dasar alokasi luas_lantai tetapi luas = 0",IF(AND(J10>0,D10=0),"CEK: ada biaya gaji tetapi staf = 0",IF(AND(O10>0,R10=0),"CEK: ada investasi gedung tetapi luas = 0","OK")))))))))) -> KOSONG: isi staf, biaya, nilai alat, dan luas lantai
A11: 6 | B11: Cleaning Services | C11: luas_lantai | P11: =IFERROR(IF(COUNT(N11)=0,"",N11/5),"") | Q11: =IFERROR(IF(COUNT(O11)=0,"",O11/40),"") | S11: =IFERROR(IF(COUNT(J11:O11)<6,"",SUM(J11:M11,P11:Q11)),"") | T11: =IF(COUNT(D11,J11:O11,R11)=0,"KOSONG: isi staf, biaya, nilai alat, dan luas lantai",IF(COUNTA(D11,J11:O11,R11)>COUNT(D11,J11:O11,R11),"CEK: ada isian bukan angka",IF(C11="","CEK: pilih dasar alokasi",IF(COUNT(D11,J11:O11,R11)<8,"BELUM LENGKAP: "&(8-COUNT(D11,J11:O11,R11))&" sel kosong (isi 0 bila tidak ada)",IF(MIN(D11,J11:O11,R11)<0,"CEK: ada angka negatif",IF(D11<>INT(D11),"CEK: jumlah staf harus bilangan bulat",IF(AND(C11="jumlah_staf",D11=0),"CEK: dasar alokasi jumlah_staf tetapi staf = 0",IF(AND(C11="luas_lantai",R11=0),"CEK: dasar alokasi luas_lantai tetapi luas = 0",IF(AND(J11>0,D11=0),"CEK: ada biaya gaji tetapi staf = 0",IF(AND(O11>0,R11=0),"CEK: ada investasi gedung tetapi luas = 0","OK")))))))))) -> KOSONG: isi staf, biaya, nilai alat, dan luas lantai
A12: 7 | B12: Customer Service / Front Office | C12: jumlah_pasien | P12: =IFERROR(IF(COUNT(N12)=0,"",N12/5),"") | Q12: =IFERROR(IF(COUNT(O12)=0,"",O12/40),"") | S12: =IFERROR(IF(COUNT(J12:O12)<6,"",SUM(J12:M12,P12:Q12)),"") | T12: =IF(COUNT(D12,J12:O12,R12)=0,"KOSONG: isi staf, biaya, nilai alat, dan luas lantai",IF(COUNTA(D12,J12:O12,R12)>COUNT(D12,J12:O12,R12),"CEK: ada isian bukan angka",IF(C12="","CEK: pilih dasar alokasi",IF(COUNT(D12,J12:O12,R12)<8,"BELUM LENGKAP: "&(8-COUNT(D12,J12:O12,R12))&" sel kosong (isi 0 bila tidak ada)",IF(MIN(D12,J12:O12,R12)<0,"CEK: ada angka negatif",IF(D12<>INT(D12),"CEK: jumlah staf harus bilangan bulat",IF(AND(C12="jumlah_staf",D12=0),"CEK: dasar alokasi jumlah_staf tetapi staf = 0",IF(AND(C12="luas_lantai",R12=0),"CEK: dasar alokasi luas_lantai tetapi luas = 0",IF(AND(J12>0,D12=0),"CEK: ada biaya gaji tetapi staf = 0",IF(AND(O12>0,R12=0),"CEK: ada investasi gedung tetapi luas = 0","OK")))))))))) -> KOSONG: isi staf, biaya, nilai alat, dan luas lantai
A13: 8 | B13: Bahan Habis Pakai - Non Medis | C13: jumlah_staf | P13: =IFERROR(IF(COUNT(N13)=0,"",N13/5),"") | Q13: =IFERROR(IF(COUNT(O13)=0,"",O13/40),"") | S13: =IFERROR(IF(COUNT(J13:O13)<6,"",SUM(J13:M13,P13:Q13)),"") | T13: =IF(COUNT(D13,J13:O13,R13)=0,"KOSONG: isi staf, biaya, nilai alat, dan luas lantai",IF(COUNTA(D13,J13:O13,R13)>COUNT(D13,J13:O13,R13),"CEK: ada isian bukan angka",IF(C13="","CEK: pilih dasar alokasi",IF(COUNT(D13,J13:O13,R13)<8,"BELUM LENGKAP: "&(8-COUNT(D13,J13:O13,R13))&" sel kosong (isi 0 bila tidak ada)",IF(MIN(D13,J13:O13,R13)<0,"CEK: ada angka negatif",IF(D13<>INT(D13),"CEK: jumlah staf harus bilangan bulat",IF(AND(C13="jumlah_staf",D13=0),"CEK: dasar alokasi jumlah_staf tetapi staf = 0",IF(AND(C13="luas_lantai",R13=0),"CEK: dasar alokasi luas_lantai tetapi luas = 0",IF(AND(J13>0,D13=0),"CEK: ada biaya gaji tetapi staf = 0",IF(AND(O13>0,R13=0),"CEK: ada investasi gedung tetapi luas = 0","OK")))))))))) -> KOSONG: isi staf, biaya, nilai alat, dan luas lantai
A14: 9 | B14: Fasilitas (Listrik, Air, Telepon, Internet) | C14: luas_lantai | P14: =IFERROR(IF(COUNT(N14)=0,"",N14/5),"") | Q14: =IFERROR(IF(COUNT(O14)=0,"",O14/40),"") | S14: =IFERROR(IF(COUNT(J14:O14)<6,"",SUM(J14:M14,P14:Q14)),"") | T14: =IF(COUNT(D14,J14:O14,R14)=0,"KOSONG: isi staf, biaya, nilai alat, dan luas lantai",IF(COUNTA(D14,J14:O14,R14)>COUNT(D14,J14:O14,R14),"CEK: ada isian bukan angka",IF(C14="","CEK: pilih dasar alokasi",IF(COUNT(D14,J14:O14,R14)<8,"BELUM LENGKAP: "&(8-COUNT(D14,J14:O14,R14))&" sel kosong (isi 0 bila tidak ada)",IF(MIN(D14,J14:O14,R14)<0,"CEK: ada angka negatif",IF(D14<>INT(D14),"CEK: jumlah staf harus bilangan bulat",IF(AND(C14="jumlah_staf",D14=0),"CEK: dasar alokasi jumlah_staf tetapi staf = 0",IF(AND(C14="luas_lantai",R14=0),"CEK: dasar alokasi luas_lantai tetapi luas = 0",IF(AND(J14>0,D14=0),"CEK: ada biaya gaji tetapi staf = 0",IF(AND(O14>0,R14=0),"CEK: ada investasi gedung tetapi luas = 0","OK")))))))))) -> KOSONG: isi staf, biaya, nilai alat, dan luas lantai
A15: 10 | B15: Pajak & Asuransi | C15: luas_lantai | P15: =IFERROR(IF(COUNT(N15)=0,"",N15/5),"") | Q15: =IFERROR(IF(COUNT(O15)=0,"",O15/40),"") | S15: =IFERROR(IF(COUNT(J15:O15)<6,"",SUM(J15:M15,P15:Q15)),"") | T15: =IF(COUNT(D15,J15:O15,R15)=0,"KOSONG: isi staf, biaya, nilai alat, dan luas lantai",IF(COUNTA(D15,J15:O15,R15)>COUNT(D15,J15:O15,R15),"CEK: ada isian bukan angka",IF(C15="","CEK: pilih dasar alokasi",IF(COUNT(D15,J15:O15,R15)<8,"BELUM LENGKAP: "&(8-COUNT(D15,J15:O15,R15))&" sel kosong (isi 0 bila tidak ada)",IF(MIN(D15,J15:O15,R15)<0,"CEK: ada angka negatif",IF(D15<>INT(D15),"CEK: jumlah staf harus bilangan bulat",IF(AND(C15="jumlah_staf",D15=0),"CEK: dasar alokasi jumlah_staf tetapi staf = 0",IF(AND(C15="luas_lantai",R15=0),"CEK: dasar alokasi luas_lantai tetapi luas = 0",IF(AND(J15>0,D15=0),"CEK: ada biaya gaji tetapi staf = 0",IF(AND(O15>0,R15=0),"CEK: ada investasi gedung tetapi luas = 0","OK")))))))))) -> KOSONG: isi staf, biaya, nilai alat, dan luas lantai
A16: 11 | B16: Sewa dan Kerja Sama Operasional | C16: luas_lantai | P16: =IFERROR(IF(COUNT(N16)=0,"",N16/5),"") | Q16: =IFERROR(IF(COUNT(O16)=0,"",O16/40),"") | S16: =IFERROR(IF(COUNT(J16:O16)<6,"",SUM(J16:M16,P16:Q16)),"") | T16: =IF(COUNT(D16,J16:O16,R16)=0,"KOSONG: isi staf, biaya, nilai alat, dan luas lantai",IF(COUNTA(D16,J16:O16,R16)>COUNT(D16,J16:O16,R16),"CEK: ada isian bukan angka",IF(C16="","CEK: pilih dasar alokasi",IF(COUNT(D16,J16:O16,R16)<8,"BELUM LENGKAP: "&(8-COUNT(D16,J16:O16,R16))&" sel kosong (isi 0 bila tidak ada)",IF(MIN(D16,J16:O16,R16)<0,"CEK: ada angka negatif",IF(D16<>INT(D16),"CEK: jumlah staf harus bilangan bulat",IF(AND(C16="jumlah_staf",D16=0),"CEK: dasar alokasi jumlah_staf tetapi staf = 0",IF(AND(C16="luas_lantai",R16=0),"CEK: dasar alokasi luas_lantai tetapi luas = 0",IF(AND(J16>0,D16=0),"CEK: ada biaya gaji tetapi staf = 0",IF(AND(O16>0,R16=0),"CEK: ada investasi gedung tetapi luas = 0","OK")))))))))) -> KOSONG: isi staf, biaya, nilai alat, dan luas lantai
A17: 12 | B17: Parkir | C17: jumlah_kunjungan | P17: =IFERROR(IF(COUNT(N17)=0,"",N17/5),"") | Q17: =IFERROR(IF(COUNT(O17)=0,"",O17/40),"") | S17: =IFERROR(IF(COUNT(J17:O17)<6,"",SUM(J17:M17,P17:Q17)),"") | T17: =IF(COUNT(D17,J17:O17,R17)=0,"KOSONG: isi staf, biaya, nilai alat, dan luas lantai",IF(COUNTA(D17,J17:O17,R17)>COUNT(D17,J17:O17,R17),"CEK: ada isian bukan angka",IF(C17="","CEK: pilih dasar alokasi",IF(COUNT(D17,J17:O17,R17)<8,"BELUM LENGKAP: "&(8-COUNT(D17,J17:O17,R17))&" sel kosong (isi 0 bila tidak ada)",IF(MIN(D17,J17:O17,R17)<0,"CEK: ada angka negatif",IF(D17<>INT(D17),"CEK: jumlah staf harus bilangan bulat",IF(AND(C17="jumlah_staf",D17=0),"CEK: dasar alokasi jumlah_staf tetapi staf = 0",IF(AND(C17="luas_lantai",R17=0),"CEK: dasar alokasi luas_lantai tetapi luas = 0",IF(AND(J17>0,D17=0),"CEK: ada biaya gaji tetapi staf = 0",IF(AND(O17>0,R17=0),"CEK: ada investasi gedung tetapi luas = 0","OK")))))))))) -> KOSONG: isi staf, biaya, nilai alat, dan luas lantai
B18: TOTAL OVERHEAD | D18: =IFERROR(SUM(D6:D17),"") -> 0 | J18: =IFERROR(SUM(J6:J17),"") -> 0 | K18: =IFERROR(SUM(K6:K17),"") -> 0 | L18: =IFERROR(SUM(L6:L17),"") -> 0 | M18: =IFERROR(SUM(M6:M17),"") -> 0 | N18: =IFERROR(SUM(N6:N17),"") -> 0 | O18: =IFERROR(SUM(O6:O17),"") -> 0 | P18: =IFERROR(SUM(P6:P17),"") -> 0 | Q18: =IFERROR(SUM(Q6:Q17),"") -> 0 | ... S18: =IFERROR(SUM(S6:S17),"") -> 0
A20: B. PUSAT BIAYA PENUNJANG MEDIS (INTERMEDIATE)
A21: No | B21: Nama Unit / Pusat Biaya | C21: Dasar Alokasi | D21: Jumlah Staf | E21: Hari Rawat | F21: Pasien Pulang | G21: Jml Kunjungan | H21: ALOS | I21: Jml Tempat Tidur | J21: Biaya Gaji | K21: Biaya Jasa Medis | L21: Biaya Jasa Medis Lain | M21: Biaya Operasional | N21: Nilai Alat | O21: Investasi Gedung | P21: Dep. Peralatan (Otomatis) | Q21: Dep. Gedung (Otomatis) | R21: Luas Lantai (m²) | S21: Total Biaya Langsung (Otomatis) | T21: HASIL PEMERIKSAAN BARIS
A22: 1 | B22: Farmasi | C22: resep_ddd | P22: =IFERROR(IF(COUNT(N22)=0,"",N22/5),"") | Q22: =IFERROR(IF(COUNT(O22)=0,"",O22/40),"") | S22: =IFERROR(IF(COUNT(J22:O22)<6,"",SUM(J22:M22,P22:Q22)),"") | T22: =IF(COUNT(D22,J22:O22,R22)=0,"KOSONG: isi staf, biaya, nilai alat, dan luas lantai",IF(COUNTA(D22,J22:O22,R22)>COUNT(D22,J22:O22,R22),"CEK: ada isian bukan angka",IF(C22="","CEK: pilih dasar alokasi",IF(COUNT(D22,J22:O22,R22)<8,"BELUM LENGKAP: "&(8-COUNT(D22,J22:O22,R22))&" sel kosong (isi 0 bila tidak ada)",IF(MIN(D22,J22:O22,R22)<0,"CEK: ada angka negatif",IF(D22<>INT(D22),"CEK: jumlah staf harus bilangan bulat",IF(AND(C22="jumlah_staf",D22=0),"CEK: dasar alokasi jumlah_staf tetapi staf = 0",IF(AND(C22="luas_lantai",R22=0),"CEK: dasar alokasi luas_lantai tetapi luas = 0",IF(AND(J22>0,D22=0),"CEK: ada biaya gaji tetapi staf = 0",IF(AND(O22>0,R22=0),"CEK: ada investasi gedung tetapi luas = 0","OK")))))))))) -> KOSONG: isi staf, biaya, nilai alat, dan luas lantai
A23: 2 | B23: Radiologi | C23: jumlah_pemeriksaan | P23: =IFERROR(IF(COUNT(N23)=0,"",N23/5),"") | Q23: =IFERROR(IF(COUNT(O23)=0,"",O23/40),"") | S23: =IFERROR(IF(COUNT(J23:O23)<6,"",SUM(J23:M23,P23:Q23)),"") | T23: =IF(COUNT(D23,J23:O23,R23)=0,"KOSONG: isi staf, biaya, nilai alat, dan luas lantai",IF(COUNTA(D23,J23:O23,R23)>COUNT(D23,J23:O23,R23),"CEK: ada isian bukan angka",IF(C23="","CEK: pilih dasar alokasi",IF(COUNT(D23,J23:O23,R23)<8,"BELUM LENGKAP: "&(8-COUNT(D23,J23:O23,R23))&" sel kosong (isi 0 bila tidak ada)",IF(MIN(D23,J23:O23,R23)<0,"CEK: ada angka negatif",IF(D23<>INT(D23),"CEK: jumlah staf harus bilangan bulat",IF(AND(C23="jumlah_staf",D23=0),"CEK: dasar alokasi jumlah_staf tetapi staf = 0",IF(AND(C23="luas_lantai",R23=0),"CEK: dasar alokasi luas_lantai tetapi luas = 0",IF(AND(J23>0,D23=0),"CEK: ada biaya gaji tetapi staf = 0",IF(AND(O23>0,R23=0),"CEK: ada investasi gedung tetapi luas = 0","OK")))))))))) -> KOSONG: isi staf, biaya, nilai alat, dan luas lantai
A24: 3 | B24: Laboratorium | C24: jumlah_test | P24: =IFERROR(IF(COUNT(N24)=0,"",N24/5),"") | Q24: =IFERROR(IF(COUNT(O24)=0,"",O24/40),"") | S24: =IFERROR(IF(COUNT(J24:O24)<6,"",SUM(J24:M24,P24:Q24)),"") | T24: =IF(COUNT(D24,J24:O24,R24)=0,"KOSONG: isi staf, biaya, nilai alat, dan luas lantai",IF(COUNTA(D24,J24:O24,R24)>COUNT(D24,J24:O24,R24),"CEK: ada isian bukan angka",IF(C24="","CEK: pilih dasar alokasi",IF(COUNT(D24,J24:O24,R24)<8,"BELUM LENGKAP: "&(8-COUNT(D24,J24:O24,R24))&" sel kosong (isi 0 bila tidak ada)",IF(MIN(D24,J24:O24,R24)<0,"CEK: ada angka negatif",IF(D24<>INT(D24),"CEK: jumlah staf harus bilangan bulat",IF(AND(C24="jumlah_staf",D24=0),"CEK: dasar alokasi jumlah_staf tetapi staf = 0",IF(AND(C24="luas_lantai",R24=0),"CEK: dasar alokasi luas_lantai tetapi luas = 0",IF(AND(J24>0,D24=0),"CEK: ada biaya gaji tetapi staf = 0",IF(AND(O24>0,R24=0),"CEK: ada investasi gedung tetapi luas = 0","OK")))))))))) -> KOSONG: isi staf, biaya, nilai alat, dan luas lantai
A25: 4 | B25: Rehabilitasi Medik | C25: jumlah_terapi | P25: =IFERROR(IF(COUNT(N25)=0,"",N25/5),"") | Q25: =IFERROR(IF(COUNT(O25)=0,"",O25/40),"") | S25: =IFERROR(IF(COUNT(J25:O25)<6,"",SUM(J25:M25,P25:Q25)),"") | T25: =IF(COUNT(D25,J25:O25,R25)=0,"KOSONG: isi staf, biaya, nilai alat, dan luas lantai",IF(COUNTA(D25,J25:O25,R25)>COUNT(D25,J25:O25,R25),"CEK: ada isian bukan angka",IF(C25="","CEK: pilih dasar alokasi",IF(COUNT(D25,J25:O25,R25)<8,"BELUM LENGKAP: "&(8-COUNT(D25,J25:O25,R25))&" sel kosong (isi 0 bila tidak ada)",IF(MIN(D25,J25:O25,R25)<0,"CEK: ada angka negatif",IF(D25<>INT(D25),"CEK: jumlah staf harus bilangan bulat",IF(AND(C25="jumlah_staf",D25=0),"CEK: dasar alokasi jumlah_staf tetapi staf = 0",IF(AND(C25="luas_lantai",R25=0),"CEK: dasar alokasi luas_lantai tetapi luas = 0",IF(AND(J25>0,D25=0),"CEK: ada biaya gaji tetapi staf = 0",IF(AND(O25>0,R25=0),"CEK: ada investasi gedung tetapi luas = 0","OK")))))))))) -> KOSONG: isi staf, biaya, nilai alat, dan luas lantai
A26: 5 | B26: Rehabilitasi Psikososial | C26: jumlah_pasien | P26: =IFERROR(IF(COUNT(N26)=0,"",N26/5),"") | Q26: =IFERROR(IF(COUNT(O26)=0,"",O26/40),"") | S26: =IFERROR(IF(COUNT(J26:O26)<6,"",SUM(J26:M26,P26:Q26)),"") | T26: =IF(COUNT(D26,J26:O26,R26)=0,"KOSONG: isi staf, biaya, nilai alat, dan luas lantai",IF(COUNTA(D26,J26:O26,R26)>COUNT(D26,J26:O26,R26),"CEK: ada isian bukan angka",IF(C26="","CEK: pilih dasar alokasi",IF(COUNT(D26,J26:O26,R26)<8,"BELUM LENGKAP: "&(8-COUNT(D26,J26:O26,R26))&" sel kosong (isi 0 bila tidak ada)",IF(MIN(D26,J26:O26,R26)<0,"CEK: ada angka negatif",IF(D26<>INT(D26),"CEK: jumlah staf harus bilangan bulat",IF(AND(C26="jumlah_staf",D26=0),"CEK: dasar alokasi jumlah_staf tetapi staf = 0",IF(AND(C26="luas_lantai",R26=0),"CEK: dasar alokasi luas_lantai tetapi luas = 0",IF(AND(J26>0,D26=0),"CEK: ada biaya gaji tetapi staf = 0",IF(AND(O26>0,R26=0),"CEK: ada investasi gedung tetapi luas = 0","OK")))))))))) -> KOSONG: isi staf, biaya, nilai alat, dan luas lantai
A27: 6 | B27: Instalasi Bedah Sentral (IBS) | C27: jam_operasi | P27: =IFERROR(IF(COUNT(N27)=0,"",N27/5),"") | Q27: =IFERROR(IF(COUNT(O27)=0,"",O27/40),"") | S27: =IFERROR(IF(COUNT(J27:O27)<6,"",SUM(J27:M27,P27:Q27)),"") | T27: =IF(COUNT(D27,J27:O27,R27)=0,"KOSONG: isi staf, biaya, nilai alat, dan luas lantai",IF(COUNTA(D27,J27:O27,R27)>COUNT(D27,J27:O27,R27),"CEK: ada isian bukan angka",IF(C27="","CEK: pilih dasar alokasi",IF(COUNT(D27,J27:O27,R27)<8,"BELUM LENGKAP: "&(8-COUNT(D27,J27:O27,R27))&" sel kosong (isi 0 bila tidak ada)",IF(MIN(D27,J27:O27,R27)<0,"CEK: ada angka negatif",IF(D27<>INT(D27),"CEK: jumlah staf harus bilangan bulat",IF(AND(C27="jumlah_staf",D27=0),"CEK: dasar alokasi jumlah_staf tetapi staf = 0",IF(AND(C27="luas_lantai",R27=0),"CEK: dasar alokasi luas_lantai tetapi luas = 0",IF(AND(J27>0,D27=0),"CEK: ada biaya gaji tetapi staf = 0",IF(AND(O27>0,R27=0),"CEK: ada investasi gedung tetapi luas = 0","OK")))))))))) -> KOSONG: isi staf, biaya, nilai alat, dan luas lantai
A28: 7 | B28: Instalasi Gizi | C28: hari_rawat | P28: =IFERROR(IF(COUNT(N28)=0,"",N28/5),"") | Q28: =IFERROR(IF(COUNT(O28)=0,"",O28/40),"") | S28: =IFERROR(IF(COUNT(J28:O28)<6,"",SUM(J28:M28,P28:Q28)),"") | T28: =IF(COUNT(D28,J28:O28,R28)=0,"KOSONG: isi staf, biaya, nilai alat, dan luas lantai",IF(COUNTA(D28,J28:O28,R28)>COUNT(D28,J28:O28,R28),"CEK: ada isian bukan angka",IF(C28="","CEK: pilih dasar alokasi",IF(COUNT(D28,J28:O28,R28)<8,"BELUM LENGKAP: "&(8-COUNT(D28,J28:O28,R28))&" sel kosong (isi 0 bila tidak ada)",IF(MIN(D28,J28:O28,R28)<0,"CEK: ada angka negatif",IF(D28<>INT(D28),"CEK: jumlah staf harus bilangan bulat",IF(AND(C28="jumlah_staf",D28=0),"CEK: dasar alokasi jumlah_staf tetapi staf = 0",IF(AND(C28="luas_lantai",R28=0),"CEK: dasar alokasi luas_lantai tetapi luas = 0",IF(AND(J28>0,D28=0),"CEK: ada biaya gaji tetapi staf = 0",IF(AND(O28>0,R28=0),"CEK: ada investasi gedung tetapi luas = 0","OK")))))))))) -> KOSONG: isi staf, biaya, nilai alat, dan luas lantai
A29: 8 | B29: Laundry Rumah Sakit | C29: hari_rawat | P29: =IFERROR(IF(COUNT(N29)=0,"",N29/5),"") | Q29: =IFERROR(IF(COUNT(O29)=0,"",O29/40),"") | S29: =IFERROR(IF(COUNT(J29:O29)<6,"",SUM(J29:M29,P29:Q29)),"") | T29: =IF(COUNT(D29,J29:O29,R29)=0,"KOSONG: isi staf, biaya, nilai alat, dan luas lantai",IF(COUNTA(D29,J29:O29,R29)>COUNT(D29,J29:O29,R29),"CEK: ada isian bukan angka",IF(C29="","CEK: pilih dasar alokasi",IF(COUNT(D29,J29:O29,R29)<8,"BELUM LENGKAP: "&(8-COUNT(D29,J29:O29,R29))&" sel kosong (isi 0 bila tidak ada)",IF(MIN(D29,J29:O29,R29)<0,"CEK: ada angka negatif",IF(D29<>INT(D29),"CEK: jumlah staf harus bilangan bulat",IF(AND(C29="jumlah_staf",D29=0),"CEK: dasar alokasi jumlah_staf tetapi staf = 0",IF(AND(C29="luas_lantai",R29=0),"CEK: dasar alokasi luas_lantai tetapi luas = 0",IF(AND(J29>0,D29=0),"CEK: ada biaya gaji tetapi staf = 0",IF(AND(O29>0,R29=0),"CEK: ada investasi gedung tetapi luas = 0","OK")))))))))) -> KOSONG: isi staf, biaya, nilai alat, dan luas lantai
A30: 9 | B30: Unit Sterilisasi Alat (CSSD) | C30: jumlah_tindakan | P30: =IFERROR(IF(COUNT(N30)=0,"",N30/5),"") | Q30: =IFERROR(IF(COUNT(O30)=0,"",O30/40),"") | S30: =IFERROR(IF(COUNT(J30:O30)<6,"",SUM(J30:M30,P30:Q30)),"") | T30: =IF(COUNT(D30,J30:O30,R30)=0,"KOSONG: isi staf, biaya, nilai alat, dan luas lantai",IF(COUNTA(D30,J30:O30,R30)>COUNT(D30,J30:O30,R30),"CEK: ada isian bukan angka",IF(C30="","CEK: pilih dasar alokasi",IF(COUNT(D30,J30:O30,R30)<8,"BELUM LENGKAP: "&(8-COUNT(D30,J30:O30,R30))&" sel kosong (isi 0 bila tidak ada)",IF(MIN(D30,J30:O30,R30)<0,"CEK: ada angka negatif",IF(D30<>INT(D30),"CEK: jumlah staf harus bilangan bulat",IF(AND(C30="jumlah_staf",D30=0),"CEK: dasar alokasi jumlah_staf tetapi staf = 0",IF(AND(C30="luas_lantai",R30=0),"CEK: dasar alokasi luas_lantai tetapi luas = 0",IF(AND(J30>0,D30=0),"CEK: ada biaya gaji tetapi staf = 0",IF(AND(O30>0,R30=0),"CEK: ada investasi gedung tetapi luas = 0","OK")))))))))) -> KOSONG: isi staf, biaya, nilai alat, dan luas lantai
A31: 10 | B31: Gas Medis | C31: penggunaan | P31: =IFERROR(IF(COUNT(N31)=0,"",N31/5),"") | Q31: =IFERROR(IF(COUNT(O31)=0,"",O31/40),"") | S31: =IFERROR(IF(COUNT(J31:O31)<6,"",SUM(J31:M31,P31:Q31)),"") | T31: =IF(COUNT(D31,J31:O31,R31)=0,"KOSONG: isi staf, biaya, nilai alat, dan luas lantai",IF(COUNTA(D31,J31:O31,R31)>COUNT(D31,J31:O31,R31),"CEK: ada isian bukan angka",IF(C31="","CEK: pilih dasar alokasi",IF(COUNT(D31,J31:O31,R31)<8,"BELUM LENGKAP: "&(8-COUNT(D31,J31:O31,R31))&" sel kosong (isi 0 bila tidak ada)",IF(MIN(D31,J31:O31,R31)<0,"CEK: ada angka negatif",IF(D31<>INT(D31),"CEK: jumlah staf harus bilangan bulat",IF(AND(C31="jumlah_staf",D31=0),"CEK: dasar alokasi jumlah_staf tetapi staf = 0",IF(AND(C31="luas_lantai",R31=0),"CEK: dasar alokasi luas_lantai tetapi luas = 0",IF(AND(J31>0,D31=0),"CEK: ada biaya gaji tetapi staf = 0",IF(AND(O31>0,R31=0),"CEK: ada investasi gedung tetapi luas = 0","OK")))))))))) -> KOSONG: isi staf, biaya, nilai alat, dan luas lantai
A32: 11 | B32: Bank Darah | C32: kantong_darah | P32: =IFERROR(IF(COUNT(N32)=0,"",N32/5),"") | Q32: =IFERROR(IF(COUNT(O32)=0,"",O32/40),"") | S32: =IFERROR(IF(COUNT(J32:O32)<6,"",SUM(J32:M32,P32:Q32)),"") | T32: =IF(COUNT(D32,J32:O32,R32)=0,"KOSONG: isi staf, biaya, nilai alat, dan luas lantai",IF(COUNTA(D32,J32:O32,R32)>COUNT(D32,J32:O32,R32),"CEK: ada isian bukan angka",IF(C32="","CEK: pilih dasar alokasi",IF(COUNT(D32,J32:O32,R32)<8,"BELUM LENGKAP: "&(8-COUNT(D32,J32:O32,R32))&" sel kosong (isi 0 bila tidak ada)",IF(MIN(D32,J32:O32,R32)<0,"CEK: ada angka negatif",IF(D32<>INT(D32),"CEK: jumlah staf harus bilangan bulat",IF(AND(C32="jumlah_staf",D32=0),"CEK: dasar alokasi jumlah_staf tetapi staf = 0",IF(AND(C32="luas_lantai",R32=0),"CEK: dasar alokasi luas_lantai tetapi luas = 0",IF(AND(J32>0,D32=0),"CEK: ada biaya gaji tetapi staf = 0",IF(AND(O32>0,R32=0),"CEK: ada investasi gedung tetapi luas = 0","OK")))))))))) -> KOSONG: isi staf, biaya, nilai alat, dan luas lantai
A33: 12 | B33: Bank Jaringan | C33: jaringan | P33: =IFERROR(IF(COUNT(N33)=0,"",N33/5),"") | Q33: =IFERROR(IF(COUNT(O33)=0,"",O33/40),"") | S33: =IFERROR(IF(COUNT(J33:O33)<6,"",SUM(J33:M33,P33:Q33)),"") | T33: =IF(COUNT(D33,J33:O33,R33)=0,"KOSONG: isi staf, biaya, nilai alat, dan luas lantai",IF(COUNTA(D33,J33:O33,R33)>COUNT(D33,J33:O33,R33),"CEK: ada isian bukan angka",IF(C33="","CEK: pilih dasar alokasi",IF(COUNT(D33,J33:O33,R33)<8,"BELUM LENGKAP: "&(8-COUNT(D33,J33:O33,R33))&" sel kosong (isi 0 bila tidak ada)",IF(MIN(D33,J33:O33,R33)<0,"CEK: ada angka negatif",IF(D33<>INT(D33),"CEK: jumlah staf harus bilangan bulat",IF(AND(C33="jumlah_staf",D33=0),"CEK: dasar alokasi jumlah_staf tetapi staf = 0",IF(AND(C33="luas_lantai",R33=0),"CEK: dasar alokasi luas_lantai tetapi luas = 0",IF(AND(J33>0,D33=0),"CEK: ada biaya gaji tetapi staf = 0",IF(AND(O33>0,R33=0),"CEK: ada investasi gedung tetapi luas = 0","OK")))))))))) -> KOSONG: isi staf, biaya, nilai alat, dan luas lantai
B34: TOTAL PENUNJANG MEDIK | D34: =IFERROR(SUM(D22:D33),"") -> 0 | J34: =IFERROR(SUM(J22:J33),"") -> 0 | K34: =IFERROR(SUM(K22:K33),"") -> 0 | L34: =IFERROR(SUM(L22:L33),"") -> 0 | M34: =IFERROR(SUM(M22:M33),"") -> 0 | N34: =IFERROR(SUM(N22:N33),"") -> 0 | O34: =IFERROR(SUM(O22:O33),"") -> 0 | P34: =IFERROR(SUM(P22:P33),"") -> 0 | Q34: =IFERROR(SUM(Q22:Q33),"") -> 0 | ... S34: =IFERROR(SUM(S22:S33),"") -> 0
A36: C. PUSAT BIAYA UTAMA (LAYANAN PASIEN): 6 PUSAT BIAYA TETAP + 24 LAYANAN
A37: No | B37: Nama Unit / Pusat Biaya | C37: Dasar Alokasi | D37: Jumlah Staf | E37: Hari Rawat | F37: Pasien Pulang | G37: Jml Kunjungan | H37: ALOS | I37: Jml Tempat Tidur | J37: Biaya Gaji | K37: Biaya Jasa Medis | L37: Biaya Jasa Medis Lain | M37: Biaya Operasional | N37: Nilai Alat | O37: Investasi Gedung | P37: Dep. Peralatan (Otomatis) | Q37: Dep. Gedung (Otomatis) | R37: Luas Lantai (m²) | S37: Total Biaya Langsung (Otomatis) | T37: HASIL PEMERIKSAAN BARIS
A38: 1 | B38: Kamar Rawat Inap Standar (KRIS) C | C38: hari_rawat | E38: =IFERROR('Data Operasional'!G2,"") | F38: =IFERROR('Data Operasional'!N2,"") -> 0 | H38: =IFERROR(IF(N(F38)>0,E38/F38,""),"") | P38: =IFERROR(IF(COUNT(N38)=0,"",N38/5),"") | Q38: =IFERROR(IF(COUNT(O38)=0,"",O38/40),"") | S38: =IFERROR(IF(COUNT(J38:O38)<6,"",SUM(J38:M38,P38:Q38)),"") | T38: =IF(COUNT(D38,J38:O38,R38,I38)=0,"KOSONG: isi staf, biaya, nilai alat, dan luas lantai",IF(COUNTA(D38,J38:O38,R38,I38)>COUNT(D38,J38:O38,R38,I38),"CEK: ada isian bukan angka",IF(C38="","CEK: pilih dasar alokasi",IF(COUNT(D38,J38:O38,R38,I38)<9,"BELUM LENGKAP: "&(9-COUNT(D38,J38:O38,R38,I38))&" sel kosong (isi 0 bila tidak ada)",IF(MIN(D38,J38:O38,R38,I38)<0,"CEK: ada angka negatif",IF(D38<>INT(D38),"CEK: jumlah staf harus bilangan bulat",IF(AND(C38="jumlah_staf",D38=0),"CEK: dasar alokasi jumlah_staf tetapi staf = 0",IF(AND(C38="luas_lantai",R38=0),"CEK: dasar alokasi luas_lantai tetapi luas = 0",IF(AND(J38>0,D38=0),"CEK: ada biaya gaji tetapi staf = 0",IF(AND(O38>0,R38=0),"CEK: ada investasi gedung tetapi luas = 0",IF(N(E38)=0,"CEK: hari rawat 0, isi Data Operasional D dan E",IF(N(F38)=0,"CEK: pasien pulang 0, isi Data Operasional N",IF(I38<>N('Data Operasional'!J2),"CEK: tempat tidur (I) beda dengan Data Operasional J2",IF(I38<>INT(I38),"CEK: tempat tidur harus bilangan bulat","OK")))))))))))))) -> KOSONG: isi staf, biaya, nilai alat, dan luas lantai
A39: 2 | B39: Kamar Rawat Inap Standar (KRIS) B | C39: hari_rawat | E39: =IFERROR('Data Operasional'!G3,"") | F39: =IFERROR('Data Operasional'!N3,"") -> 0 | H39: =IFERROR(IF(N(F39)>0,E39/F39,""),"") | P39: =IFERROR(IF(COUNT(N39)=0,"",N39/5),"") | Q39: =IFERROR(IF(COUNT(O39)=0,"",O39/40),"") | S39: =IFERROR(IF(COUNT(J39:O39)<6,"",SUM(J39:M39,P39:Q39)),"") | T39: =IF(COUNT(D39,J39:O39,R39,I39)=0,"KOSONG: isi staf, biaya, nilai alat, dan luas lantai",IF(COUNTA(D39,J39:O39,R39,I39)>COUNT(D39,J39:O39,R39,I39),"CEK: ada isian bukan angka",IF(C39="","CEK: pilih dasar alokasi",IF(COUNT(D39,J39:O39,R39,I39)<9,"BELUM LENGKAP: "&(9-COUNT(D39,J39:O39,R39,I39))&" sel kosong (isi 0 bila tidak ada)",IF(MIN(D39,J39:O39,R39,I39)<0,"CEK: ada angka negatif",IF(D39<>INT(D39),"CEK: jumlah staf harus bilangan bulat",IF(AND(C39="jumlah_staf",D39=0),"CEK: dasar alokasi jumlah_staf tetapi staf = 0",IF(AND(C39="luas_lantai",R39=0),"CEK: dasar alokasi luas_lantai tetapi luas = 0",IF(AND(J39>0,D39=0),"CEK: ada biaya gaji tetapi staf = 0",IF(AND(O39>0,R39=0),"CEK: ada investasi gedung tetapi luas = 0",IF(N(E39)=0,"CEK: hari rawat 0, isi Data Operasional D dan E",IF(N(F39)=0,"CEK: pasien pulang 0, isi Data Operasional N",IF(I39<>N('Data Operasional'!J3),"CEK: tempat tidur (I) beda dengan Data Operasional J3",IF(I39<>INT(I39),"CEK: tempat tidur harus bilangan bulat","OK")))))))))))))) -> KOSONG: isi staf, biaya, nilai alat, dan luas lantai
A40: 3 | B40: Kamar Rawat Inap Standar (KRIS) A | C40: hari_rawat | E40: =IFERROR('Data Operasional'!G4,"") | F40: =IFERROR('Data Operasional'!N4,"") -> 0 | H40: =IFERROR(IF(N(F40)>0,E40/F40,""),"") | P40: =IFERROR(IF(COUNT(N40)=0,"",N40/5),"") | Q40: =IFERROR(IF(COUNT(O40)=0,"",O40/40),"") | S40: =IFERROR(IF(COUNT(J40:O40)<6,"",SUM(J40:M40,P40:Q40)),"") | T40: =IF(COUNT(D40,J40:O40,R40,I40)=0,"KOSONG: isi staf, biaya, nilai alat, dan luas lantai",IF(COUNTA(D40,J40:O40,R40,I40)>COUNT(D40,J40:O40,R40,I40),"CEK: ada isian bukan angka",IF(C40="","CEK: pilih dasar alokasi",IF(COUNT(D40,J40:O40,R40,I40)<9,"BELUM LENGKAP: "&(9-COUNT(D40,J40:O40,R40,I40))&" sel kosong (isi 0 bila tidak ada)",IF(MIN(D40,J40:O40,R40,I40)<0,"CEK: ada angka negatif",IF(D40<>INT(D40),"CEK: jumlah staf harus bilangan bulat",IF(AND(C40="jumlah_staf",D40=0),"CEK: dasar alokasi jumlah_staf tetapi staf = 0",IF(AND(C40="luas_lantai",R40=0),"CEK: dasar alokasi luas_lantai tetapi luas = 0",IF(AND(J40>0,D40=0),"CEK: ada biaya gaji tetapi staf = 0",IF(AND(O40>0,R40=0),"CEK: ada investasi gedung tetapi luas = 0",IF(N(E40)=0,"CEK: hari rawat 0, isi Data Operasional D dan E",IF(N(F40)=0,"CEK: pasien pulang 0, isi Data Operasional N",IF(I40<>N('Data Operasional'!J4),"CEK: tempat tidur (I) beda dengan Data Operasional J4",IF(I40<>INT(I40),"CEK: tempat tidur harus bilangan bulat","OK")))))))))))))) -> KOSONG: isi staf, biaya, nilai alat, dan luas lantai
A41: 4 | B41: Kamar VIP/VVIP/Suite | C41: hari_rawat | E41: =IFERROR('Data Operasional'!G5,"") | F41: =IFERROR('Data Operasional'!N5,"") -> 0 | H41: =IFERROR(IF(N(F41)>0,E41/F41,""),"") | P41: =IFERROR(IF(COUNT(N41)=0,"",N41/5),"") | Q41: =IFERROR(IF(COUNT(O41)=0,"",O41/40),"") | S41: =IFERROR(IF(COUNT(J41:O41)<6,"",SUM(J41:M41,P41:Q41)),"") | T41: =IF(COUNT(D41,J41:O41,R41,I41)=0,"KOSONG: isi staf, biaya, nilai alat, dan luas lantai",IF(COUNTA(D41,J41:O41,R41,I41)>COUNT(D41,J41:O41,R41,I41),"CEK: ada isian bukan angka",IF(C41="","CEK: pilih dasar alokasi",IF(COUNT(D41,J41:O41,R41,I41)<9,"BELUM LENGKAP: "&(9-COUNT(D41,J41:O41,R41,I41))&" sel kosong (isi 0 bila tidak ada)",IF(MIN(D41,J41:O41,R41,I41)<0,"CEK: ada angka negatif",IF(D41<>INT(D41),"CEK: jumlah staf harus bilangan bulat",IF(AND(C41="jumlah_staf",D41=0),"CEK: dasar alokasi jumlah_staf tetapi staf = 0",IF(AND(C41="luas_lantai",R41=0),"CEK: dasar alokasi luas_lantai tetapi luas = 0",IF(AND(J41>0,D41=0),"CEK: ada biaya gaji tetapi staf = 0",IF(AND(O41>0,R41=0),"CEK: ada investasi gedung tetapi luas = 0",IF(N(E41)=0,"CEK: hari rawat 0, isi Data Operasional D dan E",IF(N(F41)=0,"CEK: pasien pulang 0, isi Data Operasional N",IF(I41<>N('Data Operasional'!J5),"CEK: tempat tidur (I) beda dengan Data Operasional J5",IF(I41<>INT(I41),"CEK: tempat tidur harus bilangan bulat","OK")))))))))))))) -> KOSONG: isi staf, biaya, nilai alat, dan luas lantai
A42: 5 | B42: Kamar ICU/ICCU/NICU/PICU/HCU | C42: hari_rawat | E42: =IFERROR('Data Operasional'!G6,"") | F42: =IFERROR('Data Operasional'!N6,"") -> 0 | H42: =IFERROR(IF(N(F42)>0,E42/F42,""),"") | P42: =IFERROR(IF(COUNT(N42)=0,"",N42/5),"") | Q42: =IFERROR(IF(COUNT(O42)=0,"",O42/40),"") | S42: =IFERROR(IF(COUNT(J42:O42)<6,"",SUM(J42:M42,P42:Q42)),"") | T42: =IF(COUNT(D42,J42:O42,R42,I42)=0,"KOSONG: isi staf, biaya, nilai alat, dan luas lantai",IF(COUNTA(D42,J42:O42,R42,I42)>COUNT(D42,J42:O42,R42,I42),"CEK: ada isian bukan angka",IF(C42="","CEK: pilih dasar alokasi",IF(COUNT(D42,J42:O42,R42,I42)<9,"BELUM LENGKAP: "&(9-COUNT(D42,J42:O42,R42,I42))&" sel kosong (isi 0 bila tidak ada)",IF(MIN(D42,J42:O42,R42,I42)<0,"CEK: ada angka negatif",IF(D42<>INT(D42),"CEK: jumlah staf harus bilangan bulat",IF(AND(C42="jumlah_staf",D42=0),"CEK: dasar alokasi jumlah_staf tetapi staf = 0",IF(AND(C42="luas_lantai",R42=0),"CEK: dasar alokasi luas_lantai tetapi luas = 0",IF(AND(J42>0,D42=0),"CEK: ada biaya gaji tetapi staf = 0",IF(AND(O42>0,R42=0),"CEK: ada investasi gedung tetapi luas = 0",IF(N(E42)=0,"CEK: hari rawat 0, isi Data Operasional D dan E",IF(N(F42)=0,"CEK: pasien pulang 0, isi Data Operasional N",IF(I42<>N('Data Operasional'!J6),"CEK: tempat tidur (I) beda dengan Data Operasional J6",IF(I42<>INT(I42),"CEK: tempat tidur harus bilangan bulat","OK")))))))))))))) -> KOSONG: isi staf, biaya, nilai alat, dan luas lantai
A43: 6 | B43: Instalasi Gawat Darurat (IGD) | C43: jumlah_kunjungan | G43: =IFERROR('Data Operasional'!F7,"") | P43: =IFERROR(IF(COUNT(N43)=0,"",N43/5),"") | Q43: =IFERROR(IF(COUNT(O43)=0,"",O43/40),"") | S43: =IFERROR(IF(COUNT(J43:O43)<6,"",SUM(J43:M43,P43:Q43)),"") | T43: =IF(COUNT(D43,J43:O43,R43)=0,"KOSONG: isi staf, biaya, nilai alat, dan luas lantai",IF(COUNTA(D43,J43:O43,R43)>COUNT(D43,J43:O43,R43),"CEK: ada isian bukan angka",IF(C43="","CEK: pilih dasar alokasi",IF(COUNT(D43,J43:O43,R43)<8,"BELUM LENGKAP: "&(8-COUNT(D43,J43:O43,R43))&" sel kosong (isi 0 bila tidak ada)",IF(MIN(D43,J43:O43,R43)<0,"CEK: ada angka negatif",IF(D43<>INT(D43),"CEK: jumlah staf harus bilangan bulat",IF(AND(C43="jumlah_staf",D43=0),"CEK: dasar alokasi jumlah_staf tetapi staf = 0",IF(AND(C43="luas_lantai",R43=0),"CEK: dasar alokasi luas_lantai tetapi luas = 0",IF(AND(J43>0,D43=0),"CEK: ada biaya gaji tetapi staf = 0",IF(AND(O43>0,R43=0),"CEK: ada investasi gedung tetapi luas = 0",IF(N(G43)=0,"CEK: kunjungan 0, unit cost tidak terhitung (Data Operasional B, C)","OK"))))))))))) -> KOSONG: isi staf, biaya, nilai alat, dan luas lantai
A44: 7 | B44: Neoplasma dan Myeloproliferative | C44: jumlah_kunjungan | G44: =IFERROR('Data Operasional'!F8,"") | P44: =IFERROR(IF(COUNT(N44)=0,"",N44/5),"") | Q44: =IFERROR(IF(COUNT(O44)=0,"",O44/40),"") | S44: =IFERROR(IF(COUNT(J44:O44)<6,"",SUM(J44:M44,P44:Q44)),"") | T44: =IF(COUNT(D44,J44:O44,R44)=0,"KOSONG: isi staf, biaya, nilai alat, dan luas lantai",IF(COUNTA(D44,J44:O44,R44)>COUNT(D44,J44:O44,R44),"CEK: ada isian bukan angka",IF(C44="","CEK: pilih dasar alokasi",IF(COUNT(D44,J44:O44,R44)<8,"BELUM LENGKAP: "&(8-COUNT(D44,J44:O44,R44))&" sel kosong (isi 0 bila tidak ada)",IF(MIN(D44,J44:O44,R44)<0,"CEK: ada angka negatif",IF(D44<>INT(D44),"CEK: jumlah staf harus bilangan bulat",IF(AND(C44="jumlah_staf",D44=0),"CEK: dasar alokasi jumlah_staf tetapi staf = 0",IF(AND(C44="luas_lantai",R44=0),"CEK: dasar alokasi luas_lantai tetapi luas = 0",IF(AND(J44>0,D44=0),"CEK: ada biaya gaji tetapi staf = 0",IF(AND(O44>0,R44=0),"CEK: ada investasi gedung tetapi luas = 0",IF(N(G44)=0,"CEK: kunjungan 0, unit cost tidak terhitung (Data Operasional B, C)","OK"))))))))))) -> KOSONG: isi staf, biaya, nilai alat, dan luas lantai
A45: 8 | B45: Jantung dan Pembuluh Darah | C45: jumlah_kunjungan | G45: =IFERROR('Data Operasional'!F9,"") | P45: =IFERROR(IF(COUNT(N45)=0,"",N45/5),"") | Q45: =IFERROR(IF(COUNT(O45)=0,"",O45/40),"") | S45: =IFERROR(IF(COUNT(J45:O45)<6,"",SUM(J45:M45,P45:Q45)),"") | T45: =IF(COUNT(D45,J45:O45,R45)=0,"KOSONG: isi staf, biaya, nilai alat, dan luas lantai",IF(COUNTA(D45,J45:O45,R45)>COUNT(D45,J45:O45,R45),"CEK: ada isian bukan angka",IF(C45="","CEK: pilih dasar alokasi",IF(COUNT(D45,J45:O45,R45)<8,"BELUM LENGKAP: "&(8-COUNT(D45,J45:O45,R45))&" sel kosong (isi 0 bila tidak ada)",IF(MIN(D45,J45:O45,R45)<0,"CEK: ada angka negatif",IF(D45<>INT(D45),"CEK: jumlah staf harus bilangan bulat",IF(AND(C45="jumlah_staf",D45=0),"CEK: dasar alokasi jumlah_staf tetapi staf = 0",IF(AND(C45="luas_lantai",R45=0),"CEK: dasar alokasi luas_lantai tetapi luas = 0",IF(AND(J45>0,D45=0),"CEK: ada biaya gaji tetapi staf = 0",IF(AND(O45>0,R45=0),"CEK: ada investasi gedung tetapi luas = 0",IF(N(G45)=0,"CEK: kunjungan 0, unit cost tidak terhitung (Data Operasional B, C)","OK"))))))))))) -> KOSONG: isi staf, biaya, nilai alat, dan luas lantai
A46: 9 | B46: Saraf / Neuroscience | C46: jumlah_kunjungan | G46: =IFERROR('Data Operasional'!F10,"") | P46: =IFERROR(IF(COUNT(N46)=0,"",N46/5),"") | Q46: =IFERROR(IF(COUNT(O46)=0,"",O46/40),"") | S46: =IFERROR(IF(COUNT(J46:O46)<6,"",SUM(J46:M46,P46:Q46)),"") | T46: =IF(COUNT(D46,J46:O46,R46)=0,"KOSONG: isi staf, biaya, nilai alat, dan luas lantai",IF(COUNTA(D46,J46:O46,R46)>COUNT(D46,J46:O46,R46),"CEK: ada isian bukan angka",IF(C46="","CEK: pilih dasar alokasi",IF(COUNT(D46,J46:O46,R46)<8,"BELUM LENGKAP: "&(8-COUNT(D46,J46:O46,R46))&" sel kosong (isi 0 bila tidak ada)",IF(MIN(D46,J46:O46,R46)<0,"CEK: ada angka negatif",IF(D46<>INT(D46),"CEK: jumlah staf harus bilangan bulat",IF(AND(C46="jumlah_staf",D46=0),"CEK: dasar alokasi jumlah_staf tetapi staf = 0",IF(AND(C46="luas_lantai",R46=0),"CEK: dasar alokasi luas_lantai tetapi luas = 0",IF(AND(J46>0,D46=0),"CEK: ada biaya gaji tetapi staf = 0",IF(AND(O46>0,R46=0),"CEK: ada investasi gedung tetapi luas = 0",IF(N(G46)=0,"CEK: kunjungan 0, unit cost tidak terhitung (Data Operasional B, C)","OK"))))))))))) -> KOSONG: isi staf, biaya, nilai alat, dan luas lantai
A47: 10 | B47: Kesehatan Ibu dan Ginekologi | C47: jumlah_kunjungan | G47: =IFERROR('Data Operasional'!F11,"") | P47: =IFERROR(IF(COUNT(N47)=0,"",N47/5),"") | Q47: =IFERROR(IF(COUNT(O47)=0,"",O47/40),"") | S47: =IFERROR(IF(COUNT(J47:O47)<6,"",SUM(J47:M47,P47:Q47)),"") | T47: =IF(COUNT(D47,J47:O47,R47)=0,"KOSONG: isi staf, biaya, nilai alat, dan luas lantai",IF(COUNTA(D47,J47:O47,R47)>COUNT(D47,J47:O47,R47),"CEK: ada isian bukan angka",IF(C47="","CEK: pilih dasar alokasi",IF(COUNT(D47,J47:O47,R47)<8,"BELUM LENGKAP: "&(8-COUNT(D47,J47:O47,R47))&" sel kosong (isi 0 bila tidak ada)",IF(MIN(D47,J47:O47,R47)<0,"CEK: ada angka negatif",IF(D47<>INT(D47),"CEK: jumlah staf harus bilangan bulat",IF(AND(C47="jumlah_staf",D47=0),"CEK: dasar alokasi jumlah_staf tetapi staf = 0",IF(AND(C47="luas_lantai",R47=0),"CEK: dasar alokasi luas_lantai tetapi luas = 0",IF(AND(J47>0,D47=0),"CEK: ada biaya gaji tetapi staf = 0",IF(AND(O47>0,R47=0),"CEK: ada investasi gedung tetapi luas = 0",IF(N(G47)=0,"CEK: kunjungan 0, unit cost tidak terhitung (Data Operasional B, C)","OK"))))))))))) -> KOSONG: isi staf, biaya, nilai alat, dan luas lantai
A48: 11 | B48: Kesehatan Neonatus | C48: jumlah_kunjungan | G48: =IFERROR('Data Operasional'!F12,"") | P48: =IFERROR(IF(COUNT(N48)=0,"",N48/5),"") | Q48: =IFERROR(IF(COUNT(O48)=0,"",O48/40),"") | S48: =IFERROR(IF(COUNT(J48:O48)<6,"",SUM(J48:M48,P48:Q48)),"") | T48: =IF(COUNT(D48,J48:O48,R48)=0,"KOSONG: isi staf, biaya, nilai alat, dan luas lantai",IF(COUNTA(D48,J48:O48,R48)>COUNT(D48,J48:O48,R48),"CEK: ada isian bukan angka",IF(C48="","CEK: pilih dasar alokasi",IF(COUNT(D48,J48:O48,R48)<8,"BELUM LENGKAP: "&(8-COUNT(D48,J48:O48,R48))&" sel kosong (isi 0 bila tidak ada)",IF(MIN(D48,J48:O48,R48)<0,"CEK: ada angka negatif",IF(D48<>INT(D48),"CEK: jumlah staf harus bilangan bulat",IF(AND(C48="jumlah_staf",D48=0),"CEK: dasar alokasi jumlah_staf tetapi staf = 0",IF(AND(C48="luas_lantai",R48=0),"CEK: dasar alokasi luas_lantai tetapi luas = 0",IF(AND(J48>0,D48=0),"CEK: ada biaya gaji tetapi staf = 0",IF(AND(O48>0,R48=0),"CEK: ada investasi gedung tetapi luas = 0",IF(N(G48)=0,"CEK: kunjungan 0, unit cost tidak terhitung (Data Operasional B, C)","OK"))))))))))) -> KOSONG: isi staf, biaya, nilai alat, dan luas lantai
A49: 12 | B49: Sistem Pencernaan dan Hepatobiliar | C49: jumlah_kunjungan | G49: =IFERROR('Data Operasional'!F13,"") | P49: =IFERROR(IF(COUNT(N49)=0,"",N49/5),"") | Q49: =IFERROR(IF(COUNT(O49)=0,"",O49/40),"") | S49: =IFERROR(IF(COUNT(J49:O49)<6,"",SUM(J49:M49,P49:Q49)),"") | T49: =IF(COUNT(D49,J49:O49,R49)=0,"KOSONG: isi staf, biaya, nilai alat, dan luas lantai",IF(COUNTA(D49,J49:O49,R49)>COUNT(D49,J49:O49,R49),"CEK: ada isian bukan angka",IF(C49="","CEK: pilih dasar alokasi",IF(COUNT(D49,J49:O49,R49)<8,"BELUM LENGKAP: "&(8-COUNT(D49,J49:O49,R49))&" sel kosong (isi 0 bila tidak ada)",IF(MIN(D49,J49:O49,R49)<0,"CEK: ada angka negatif",IF(D49<>INT(D49),"CEK: jumlah staf harus bilangan bulat",IF(AND(C49="jumlah_staf",D49=0),"CEK: dasar alokasi jumlah_staf tetapi staf = 0",IF(AND(C49="luas_lantai",R49=0),"CEK: dasar alokasi luas_lantai tetapi luas = 0",IF(AND(J49>0,D49=0),"CEK: ada biaya gaji tetapi staf = 0",IF(AND(O49>0,R49=0),"CEK: ada investasi gedung tetapi luas = 0",IF(N(G49)=0,"CEK: kunjungan 0, unit cost tidak terhitung (Data Operasional B, C)","OK"))))))))))) -> KOSONG: isi staf, biaya, nilai alat, dan luas lantai
A50: 13 | B50: Uronefro (Urologi dan Nefrologi) | C50: jumlah_kunjungan | G50: =IFERROR('Data Operasional'!F14,"") | P50: =IFERROR(IF(COUNT(N50)=0,"",N50/5),"") | Q50: =IFERROR(IF(COUNT(O50)=0,"",O50/40),"") | S50: =IFERROR(IF(COUNT(J50:O50)<6,"",SUM(J50:M50,P50:Q50)),"") | T50: =IF(COUNT(D50,J50:O50,R50)=0,"KOSONG: isi staf, biaya, nilai alat, dan luas lantai",IF(COUNTA(D50,J50:O50,R50)>COUNT(D50,J50:O50,R50),"CEK: ada isian bukan angka",IF(C50="","CEK: pilih dasar alokasi",IF(COUNT(D50,J50:O50,R50)<8,"BELUM LENGKAP: "&(8-COUNT(D50,J50:O50,R50))&" sel kosong (isi 0 bila tidak ada)",IF(MIN(D50,J50:O50,R50)<0,"CEK: ada angka negatif",IF(D50<>INT(D50),"CEK: jumlah staf harus bilangan bulat",IF(AND(C50="jumlah_staf",D50=0),"CEK: dasar alokasi jumlah_staf tetapi staf = 0",IF(AND(C50="luas_lantai",R50=0),"CEK: dasar alokasi luas_lantai tetapi luas = 0",IF(AND(J50>0,D50=0),"CEK: ada biaya gaji tetapi staf = 0",IF(AND(O50>0,R50=0),"CEK: ada investasi gedung tetapi luas = 0",IF(N(G50)=0,"CEK: kunjungan 0, unit cost tidak terhitung (Data Operasional B, C)","OK"))))))))))) -> KOSONG: isi staf, biaya, nilai alat, dan luas lantai
A51: 14 | B51: Musculoskeletal dan Jaringan Lunak | C51: jumlah_kunjungan | G51: =IFERROR('Data Operasional'!F15,"") | P51: =IFERROR(IF(COUNT(N51)=0,"",N51/5),"") | Q51: =IFERROR(IF(COUNT(O51)=0,"",O51/40),"") | S51: =IFERROR(IF(COUNT(J51:O51)<6,"",SUM(J51:M51,P51:Q51)),"") | T51: =IF(COUNT(D51,J51:O51,R51)=0,"KOSONG: isi staf, biaya, nilai alat, dan luas lantai",IF(COUNTA(D51,J51:O51,R51)>COUNT(D51,J51:O51,R51),"CEK: ada isian bukan angka",IF(C51="","CEK: pilih dasar alokasi",IF(COUNT(D51,J51:O51,R51)<8,"BELUM LENGKAP: "&(8-COUNT(D51,J51:O51,R51))&" sel kosong (isi 0 bila tidak ada)",IF(MIN(D51,J51:O51,R51)<0,"CEK: ada angka negatif",IF(D51<>INT(D51),"CEK: jumlah staf harus bilangan bulat",IF(AND(C51="jumlah_staf",D51=0),"CEK: dasar alokasi jumlah_staf tetapi staf = 0",IF(AND(C51="luas_lantai",R51=0),"CEK: dasar alokasi luas_lantai tetapi luas = 0",IF(AND(J51>0,D51=0),"CEK: ada biaya gaji tetapi staf = 0",IF(AND(O51>0,R51=0),"CEK: ada investasi gedung tetapi luas = 0",IF(N(G51)=0,"CEK: kunjungan 0, unit cost tidak terhitung (Data Operasional B, C)","OK"))))))))))) -> KOSONG: isi staf, biaya, nilai alat, dan luas lantai
A52: 15 | B52: Rekonstruksi dan Estetika | C52: jumlah_kunjungan | G52: =IFERROR('Data Operasional'!F16,"") | P52: =IFERROR(IF(COUNT(N52)=0,"",N52/5),"") | Q52: =IFERROR(IF(COUNT(O52)=0,"",O52/40),"") | S52: =IFERROR(IF(COUNT(J52:O52)<6,"",SUM(J52:M52,P52:Q52)),"") | T52: =IF(COUNT(D52,J52:O52,R52)=0,"KOSONG: isi staf, biaya, nilai alat, dan luas lantai",IF(COUNTA(D52,J52:O52,R52)>COUNT(D52,J52:O52,R52),"CEK: ada isian bukan angka",IF(C52="","CEK: pilih dasar alokasi",IF(COUNT(D52,J52:O52,R52)<8,"BELUM LENGKAP: "&(8-COUNT(D52,J52:O52,R52))&" sel kosong (isi 0 bila tidak ada)",IF(MIN(D52,J52:O52,R52)<0,"CEK: ada angka negatif",IF(D52<>INT(D52),"CEK: jumlah staf harus bilangan bulat",IF(AND(C52="jumlah_staf",D52=0),"CEK: dasar alokasi jumlah_staf tetapi staf = 0",IF(AND(C52="luas_lantai",R52=0),"CEK: dasar alokasi luas_lantai tetapi luas = 0",IF(AND(J52>0,D52=0),"CEK: ada biaya gaji tetapi staf = 0",IF(AND(O52>0,R52=0),"CEK: ada investasi gedung tetapi luas = 0",IF(N(G52)=0,"CEK: kunjungan 0, unit cost tidak terhitung (Data Operasional B, C)","OK"))))))))))) -> KOSONG: isi staf, biaya, nilai alat, dan luas lantai
A53: 16 | B53: Trauma | C53: jumlah_kunjungan | G53: =IFERROR('Data Operasional'!F17,"") | P53: =IFERROR(IF(COUNT(N53)=0,"",N53/5),"") | Q53: =IFERROR(IF(COUNT(O53)=0,"",O53/40),"") | S53: =IFERROR(IF(COUNT(J53:O53)<6,"",SUM(J53:M53,P53:Q53)),"") | T53: =IF(COUNT(D53,J53:O53,R53)=0,"KOSONG: isi staf, biaya, nilai alat, dan luas lantai",IF(COUNTA(D53,J53:O53,R53)>COUNT(D53,J53:O53,R53),"CEK: ada isian bukan angka",IF(C53="","CEK: pilih dasar alokasi",IF(COUNT(D53,J53:O53,R53)<8,"BELUM LENGKAP: "&(8-COUNT(D53,J53:O53,R53))&" sel kosong (isi 0 bila tidak ada)",IF(MIN(D53,J53:O53,R53)<0,"CEK: ada angka negatif",IF(D53<>INT(D53),"CEK: jumlah staf harus bilangan bulat",IF(AND(C53="jumlah_staf",D53=0),"CEK: dasar alokasi jumlah_staf tetapi staf = 0",IF(AND(C53="luas_lantai",R53=0),"CEK: dasar alokasi luas_lantai tetapi luas = 0",IF(AND(J53>0,D53=0),"CEK: ada biaya gaji tetapi staf = 0",IF(AND(O53>0,R53=0),"CEK: ada investasi gedung tetapi luas = 0",IF(N(G53)=0,"CEK: kunjungan 0, unit cost tidak terhitung (Data Operasional B, C)","OK"))))))))))) -> KOSONG: isi staf, biaya, nilai alat, dan luas lantai
A54: 17 | B54: Paru | C54: jumlah_kunjungan | G54: =IFERROR('Data Operasional'!F18,"") | P54: =IFERROR(IF(COUNT(N54)=0,"",N54/5),"") | Q54: =IFERROR(IF(COUNT(O54)=0,"",O54/40),"") | S54: =IFERROR(IF(COUNT(J54:O54)<6,"",SUM(J54:M54,P54:Q54)),"") | T54: =IF(COUNT(D54,J54:O54,R54)=0,"KOSONG: isi staf, biaya, nilai alat, dan luas lantai",IF(COUNTA(D54,J54:O54,R54)>COUNT(D54,J54:O54,R54),"CEK: ada isian bukan angka",IF(C54="","CEK: pilih dasar alokasi",IF(COUNT(D54,J54:O54,R54)<8,"BELUM LENGKAP: "&(8-COUNT(D54,J54:O54,R54))&" sel kosong (isi 0 bila tidak ada)",IF(MIN(D54,J54:O54,R54)<0,"CEK: ada angka negatif",IF(D54<>INT(D54),"CEK: jumlah staf harus bilangan bulat",IF(AND(C54="jumlah_staf",D54=0),"CEK: dasar alokasi jumlah_staf tetapi staf = 0",IF(AND(C54="luas_lantai",R54=0),"CEK: dasar alokasi luas_lantai tetapi luas = 0",IF(AND(J54>0,D54=0),"CEK: ada biaya gaji tetapi staf = 0",IF(AND(O54>0,R54=0),"CEK: ada investasi gedung tetapi luas = 0",IF(N(G54)=0,"CEK: kunjungan 0, unit cost tidak terhitung (Data Operasional B, C)","OK"))))))))))) -> KOSONG: isi staf, biaya, nilai alat, dan luas lantai
... A67: 30 | B67: Rehabilitasi Medik | C67: jumlah_kunjungan | G67: =IFERROR('Data Operasional'!F31,"") | P67: =IFERROR(IF(COUNT(N67)=0,"",N67/5),"") | Q67: =IFERROR(IF(COUNT(O67)=0,"",O67/40),"") | S67: =IFERROR(IF(COUNT(J67:O67)<6,"",SUM(J67:M67,P67:Q67)),"") | T67: =IF(COUNT(D67,J67:O67,R67)=0,"KOSONG: isi staf, biaya, nilai alat, dan luas lantai",IF(COUNTA(D67,J67:O67,R67)>COUNT(D67,J67:O67,R67),"CEK: ada isian bukan angka",IF(C67="","CEK: pilih dasar alokasi",IF(COUNT(D67,J67:O67,R67)<8,"BELUM LENGKAP: "&(8-COUNT(D67,J67:O67,R67))&" sel kosong (isi 0 bila tidak ada)",IF(MIN(D67,J67:O67,R67)<0,"CEK: ada angka negatif",IF(D67<>INT(D67),"CEK: jumlah staf harus bilangan bulat",IF(AND(C67="jumlah_staf",D67=0),"CEK: dasar alokasi jumlah_staf tetapi staf = 0",IF(AND(C67="luas_lantai",R67=0),"CEK: dasar alokasi luas_lantai tetapi luas = 0",IF(AND(J67>0,D67=0),"CEK: ada biaya gaji tetapi staf = 0",IF(AND(O67>0,R67=0),"CEK: ada investasi gedung tetapi luas = 0",IF(N(G67)=0,"CEK: kunjungan 0, unit cost tidak terhitung (Data Operasional B, C)","OK"))))))))))) -> KOSONG: isi staf, biaya, nilai alat, dan luas lantai
B68: TOTAL LAYANAN PASIEN | D68: =IFERROR(SUM(D38:D67),"") -> 0 | E68: =IFERROR(SUM(E38:E67),"") -> 0 | F68: =IFERROR(SUM(F38:F67),"") -> 0 | G68: =IFERROR(SUM(G38:G67),"") -> 0 | I68: =IFERROR(SUM(I38:I67),"") -> 0 | J68: =IFERROR(SUM(J38:J67),"") -> 0 | K68: =IFERROR(SUM(K38:K67),"") -> 0 | L68: =IFERROR(SUM(L38:L67),"") -> 0 | M68: =IFERROR(SUM(M38:M67),"") -> 0 | N68: =IFERROR(SUM(N38:N67),"") -> 0 | O68: =IFERROR(SUM(O38:O67),"") -> 0 | P68: =IFERROR(SUM(P38:P67),"") -> 0 | ... S68: =IFERROR(SUM(S38:S67),"") -> 0
B69: TOTAL BIAYA COSTING RS | D69: =IFERROR(D18+D34+D68,"") -> 0 | J69: =IFERROR(J18+J34+J68,"") -> 0 | K69: =IFERROR(K18+K34+K68,"") -> 0 | L69: =IFERROR(L18+L34+L68,"") -> 0 | M69: =IFERROR(M18+M34+M68,"") -> 0 | N69: =IFERROR(N18+N34+N68,"") -> 0 | O69: =IFERROR(O18+O34+O68,"") -> 0 | P69: =IFERROR(P18+P34+P68,"") -> 0 | Q69: =IFERROR(Q18+Q34+Q68,"") -> 0 | R69: =IFERROR(R18+R34+R68,"") -> 0 | S69: =IFERROR(IF(COUNT(S18,S34,S68)<3,"",SUM(S18,S34,S68)),"") -> 0
A71: CATATAN:
A72: Dasar Alokasi: jumlah_staf / luas_lantai / hari_rawat / jumlah_kunjungan / jumlah_pasien. Semua biaya dalam RUPIAH tanpa titik atau koma.
A73: Biaya Gaji = gaji pokok dan tunjangan. Biaya Jasa Medis = jasa pelayanan dokter. Biaya Jasa Medis Lain = jasa pelayanan perawat dan staf lain. Biaya Operasional tidak memuat penyusutan.
A74: Nilai Alat dan Investasi Gedung adalah NILAI PEROLEHAN. Penyusutan otomatis: alat ÷ 5 tahun, gedung ÷ 40 tahun.
A75: Hari Rawat, Pasien Pulang, dan Jml Kunjungan terbaca dari sheet Data Operasional. Luas lantai (m²) diisi untuk semua pusat biaya sebagai kunci alokasi.
A78: DEFINISI OPERASIONAL (DO) DAN ATURAN ISIAN KOLOM COSTING TEMPLATE
B79: Kolom / Isian | C79: Definisi Operasional (DO) | J79: Aturan Validasi dan Cara Mengisi
B80: C. Dasar Alokasi | C80: Ukuran yang dipakai untuk membagi biaya unit ini ke unit lain. Overhead dan layanan: jumlah_staf (jumlah pegawai), luas_lantai (luas bangunan), jumlah_kunjungan (kunjungan rawat jalan dan IGD), jumlah_pasien (pasien yang dilayani), hari_rawat (hari rawat inap). Penunjang medis: resep_ddd (lembar resep farmasi), jumlah_pemeriksaan (radiologi), jumlah_test (laboratorium), jumlah_terapi (rehabilitasi), jam_operasi (IBS), jumlah_tindakan (CSSD), penggunaan (gas medis), kantong_darah, jaringan. | J80: Pilih dari daftar dropdown. Nilai bawaan sudah sesuai jenis unit. Jangan mengetik sendiri.
B81: D. Jumlah Staf | C81: Jumlah orang (PNS, PPPK, kontrak, dan pegawai lain yang digaji RS) yang bertugas di unit pada 31 Desember tahun data. | J81: Wajib. Bilangan bulat ≥ 0. Satu orang hanya dihitung di satu unit (unit tugas utama). Total seluruh unit harus sama dengan Total SDM di Data Dasar RS (B44).
B82: E. Hari Rawat (otomatis) | C82: Total hari rawat JKN + Non-JKN kelas rawat inap, dibaca dari Data Operasional. | J82: Otomatis dan terkunci. Isi di Data Operasional kolom D dan E.
B83: F. Pasien Pulang (otomatis) | C83: Jumlah pasien keluar rawat inap setahun, dibaca dari Data Operasional. | J83: Otomatis dan terkunci. Isi di Data Operasional kolom N.
B84: G. Jml Kunjungan (otomatis) | C84: Total kunjungan JKN + Non-JKN IGD dan layanan rawat jalan, dibaca dari Data Operasional. | J84: Otomatis dan terkunci. Isi di Data Operasional kolom B dan C.
B85: H. ALOS (otomatis) | C85: Rata-rata lama rawat = hari rawat ÷ pasien pulang. | J85: Otomatis.
B86: I. Jml Tempat Tidur | C86: Jumlah tempat tidur rawat inap pada kelas tersebut. Hanya untuk 5 baris kamar rawat inap. | J86: Wajib untuk baris 38–42. Bilangan bulat ≥ 0 dan harus sama dengan Data Operasional kolom J.
B87: J. Biaya Gaji | C87: Gaji pokok dan tunjangan pegawai unit selama setahun, dalam Rupiah. Tidak termasuk jasa pelayanan. | J87: Wajib. Rupiah penuh ≥ 0, tanpa titik, koma, atau Rp. Isi 0 bila tidak ada. Total semua unit sama dengan Data LO Lapkeu B27.
B88: K. Biaya Jasa Medis | C88: Jasa pelayanan (remunerasi) dokter di unit selama setahun, dalam Rupiah. | J88: Wajib. Rupiah penuh ≥ 0. Total semua unit sama dengan Data LO Lapkeu B28.
B89: L. Biaya Jasa Medis Lain | C89: Jasa pelayanan perawat dan staf lain di unit selama setahun, dalam Rupiah. | J89: Wajib. Rupiah penuh ≥ 0. Total semua unit sama dengan Data LO Lapkeu B29.
B90: M. Biaya Operasional | C90: Biaya selain gaji, jasa, dan penyusutan: obat, BMHP, bahan makanan, listrik, air, pemeliharaan, perjalanan dinas, jasa pihak ketiga, dan sejenisnya. Tidak memuat penyusutan. | J90: Wajib. Rupiah penuh ≥ 0. Satu biaya hanya masuk ke satu unit; biaya bersama masuk ke overhead. Total semua unit sama dengan Data LO Lapkeu B30.
... B96: T. Hasil Pemeriksaan Baris | C96: Pemeriksaan otomatis kelengkapan dan kewajaran isian satu baris. | J96: OK = lengkap dan wajar. KOSONG = belum diisi. BELUM LENGKAP = ada sel kosong. CEK = ada kesalahan, baca pesannya.

Sheet Rumus Perhitungan
A1: RUMUS PERHITUNGAN UNIT COST (SEMUA ANGKA TERHUBUNG KE SHEET LAIN)
A2: Seluruh sel pada sheet ini adalah rumus Excel. Ubah data di sheet sumber, hasil unit cost berubah otomatis. Sel krem = asumsi yang boleh diubah (bobot, flag, target).
A4: 1. RUMUS DASAR
A5: Langkah 1 | B5: Biaya pusat biaya = Gaji + Jasa Medis + Jasa Medis Lain + Operasional + Nilai Alat ÷ 5 + Investasi Gedung ÷ 40
A6: Langkah 2 | B6: Overhead dialokasikan ke Penunjang Medis dan Layanan Pasien: Alokasi = Biaya Overhead × (Nilai Kunci Penerima ÷ Σ Nilai Kunci Semua Penerima)
A7: Langkah 3 | B7: Penunjang Medis = Biaya Langsung + Overhead diterima. Dialokasikan ke layanan: Alokasi = Total Biaya Penunjang × (Bobot Pemakaian ÷ Σ Bobot)
A8: Langkah 4 | B8: Biaya untuk Unit Cost = Biaya Langsung + Overhead + Penunjang Umum (gizi, laundry, CSSD, gas medis)
A9: Langkah 5 | B9: Unit Cost Kamar = Biaya untuk Unit Cost ÷ Hari Rawat. Unit Cost IGD dan Layanan = Biaya ÷ Jumlah Kunjungan
A10: Catatan | B10: Penunjang klinis (farmasi, radiologi, lab, IBS, bank darah, rehabilitasi) ditagihkan terpisah per tindakan, sehingga tidak masuk unit cost kamar. Disajikan pada kolom Biaya Penuh.
A12: CONTOH PERHITUNGAN: KAMAR RAWAT INAP STANDAR (KRIS) C
B13: Biaya langsung (gaji, jasa, operasional, penyusutan) | C13: =IFERROR(D229,"") | D13: Dari bagian 8, baris KRIS C
B14: Alokasi overhead | C14: =IFERROR(E229,"") -> 0 | D14: Bagian 4
B15: Alokasi penunjang umum (gizi, laundry, CSSD, gas medis) | C15: =IFERROR(F229,"") -> 0 | D15: Bagian 7
B16: Total biaya untuk unit cost | C16: =IFERROR(C13+C14+C15,"") | D16: Jumlah tiga baris di atas
B17: Hari rawat KRIS C setahun | C17: =IFERROR(H229,"") -> 0 | D17: Data Operasional
B18: UNIT COST PER HARI RAWAT KRIS C (Rp) | C18: =IFERROR(C16/C17,"") | D18: Biaya ÷ hari rawat
B19: Target (Rp) | C19: =IFERROR(J229&" sampai "&K229,"") -> sampai | D19: Rentang target
B20: Status | C20: =IFERROR(L229,"") -> -
A24: 2. BIAYA PUSAT BIAYA PENUNJANG UMUM (OVERHEAD) DAN KUNCI ALOKASI
A25: No | B25: Pusat Biaya Overhead | C25: Kunci Alokasi | D25: Total Biaya (Rp) | E25: Staf | F25: Luas (m²)
A26: 1 | B26: =IFERROR('Costing Template'!B6,"") -> Manajemen & Administrasi | C26: =IFERROR('Costing Template'!C6,"") -> jumlah_staf | D26: =IFERROR('Costing Template'!S6,"") | E26: =IFERROR('Costing Template'!D6,"") -> 0 | F26: =IFERROR('Costing Template'!R6,"") -> 0
A27: 2 | B27: =IFERROR('Costing Template'!B7,"") -> Komite & Pengawasan | C27: =IFERROR('Costing Template'!C7,"") -> jumlah_staf | D27: =IFERROR('Costing Template'!S7,"") | E27: =IFERROR('Costing Template'!D7,"") -> 0 | F27: =IFERROR('Costing Template'!R7,"") -> 0
A28: 3 | B28: =IFERROR('Costing Template'!B8,"") -> Teknologi Informasi | C28: =IFERROR('Costing Template'!C8,"") -> jumlah_staf | D28: =IFERROR('Costing Template'!S8,"") | E28: =IFERROR('Costing Template'!D8,"") -> 0 | F28: =IFERROR('Costing Template'!R8,"") -> 0
A29: 4 | B29: =IFERROR('Costing Template'!B9,"") -> Pendidikan & Penelitian | C29: =IFERROR('Costing Template'!C9,"") -> jumlah_staf | D29: =IFERROR('Costing Template'!S9,"") | E29: =IFERROR('Costing Template'!D9,"") -> 0 | F29: =IFERROR('Costing Template'!R9,"") -> 0
A30: 5 | B30: =IFERROR('Costing Template'!B10,"") -> Keamanan & Keselamatan | C30: =IFERROR('Costing Template'!C10,"") -> luas_lantai | D30: =IFERROR('Costing Template'!S10,"") | E30: =IFERROR('Costing Template'!D10,"") -> 0 | F30: =IFERROR('Costing Template'!R10,"") -> 0
A31: 6 | B31: =IFERROR('Costing Template'!B11,"") -> Cleaning Services | C31: =IFERROR('Costing Template'!C11,"") -> luas_lantai | D31: =IFERROR('Costing Template'!S11,"") | E31: =IFERROR('Costing Template'!D11,"") -> 0 | F31: =IFERROR('Costing Template'!R11,"") -> 0
A32: 7 | B32: =IFERROR('Costing Template'!B12,"") -> Customer Service / Front Office | C32: =IFERROR('Costing Template'!C12,"") -> jumlah_pasien | D32: =IFERROR('Costing Template'!S12,"") | E32: =IFERROR('Costing Template'!D12,"") -> 0 | F32: =IFERROR('Costing Template'!R12,"") -> 0
A33: 8 | B33: =IFERROR('Costing Template'!B13,"") -> Bahan Habis Pakai - Non Medis | C33: =IFERROR('Costing Template'!C13,"") -> jumlah_staf | D33: =IFERROR('Costing Template'!S13,"") | E33: =IFERROR('Costing Template'!D13,"") -> 0 | F33: =IFERROR('Costing Template'!R13,"") -> 0
A34: 9 | B34: =IFERROR('Costing Template'!B14,"") -> Fasilitas (Listrik, Air, Telepon, Internet) | C34: =IFERROR('Costing Template'!C14,"") -> luas_lantai | D34: =IFERROR('Costing Template'!S14,"") | E34: =IFERROR('Costing Template'!D14,"") -> 0 | F34: =IFERROR('Costing Template'!R14,"") -> 0
A35: 10 | B35: =IFERROR('Costing Template'!B15,"") -> Pajak & Asuransi | C35: =IFERROR('Costing Template'!C15,"") -> luas_lantai | D35: =IFERROR('Costing Template'!S15,"") | E35: =IFERROR('Costing Template'!D15,"") -> 0 | F35: =IFERROR('Costing Template'!R15,"") -> 0
A36: 11 | B36: =IFERROR('Costing Template'!B16,"") -> Sewa dan Kerja Sama Operasional | C36: =IFERROR('Costing Template'!C16,"") -> luas_lantai | D36: =IFERROR('Costing Template'!S16,"") | E36: =IFERROR('Costing Template'!D16,"") -> 0 | F36: =IFERROR('Costing Template'!R16,"") -> 0
A37: 12 | B37: =IFERROR('Costing Template'!B17,"") -> Parkir | C37: =IFERROR('Costing Template'!C17,"") -> jumlah_kunjungan | D37: =IFERROR('Costing Template'!S17,"") | E37: =IFERROR('Costing Template'!D17,"") -> 0 | F37: =IFERROR('Costing Template'!R17,"") -> 0
B38: TOTAL OVERHEAD | D38: =IFERROR(SUM(D26:D37),"") -> 0 | E38: =IFERROR(SUM(E26:E37),"") -> 0 | F38: =IFERROR(SUM(F26:F37),"") -> 0
A40: 3. NILAI KUNCI ALOKASI PER PENERIMA (PENUNJANG MEDIS DAN LAYANAN PASIEN)
B41: Penerima overhead = 12 penunjang medis dan 30 pusat biaya layanan pasien.
A42: No | B42: Penerima | C42: jumlah_staf | D42: luas_lantai | E42: jumlah_kunjungan | F42: jumlah_pasien | G42: hari_rawat
A43: 1 | B43: =IFERROR('Costing Template'!B22,"") -> Farmasi | C43: =IFERROR(N('Costing Template'!D22),"") -> 0 | D43: =IFERROR(N('Costing Template'!R22),"") -> 0 | E43: =IFERROR(N('Costing Template'!G22),"") -> 0 | F43: =IFERROR(N('Costing Template'!G22)+N('Costing Template'!F22),"") -> 0 | G43: =IFERROR(N('Costing Template'!E22),"") -> 0
A44: 2 | B44: =IFERROR('Costing Template'!B23,"") -> Radiologi | C44: =IFERROR(N('Costing Template'!D23),"") -> 0 | D44: =IFERROR(N('Costing Template'!R23),"") -> 0 | E44: =IFERROR(N('Costing Template'!G23),"") -> 0 | F44: =IFERROR(N('Costing Template'!G23)+N('Costing Template'!F23),"") -> 0 | G44: =IFERROR(N('Costing Template'!E23),"") -> 0
A45: 3 | B45: =IFERROR('Costing Template'!B24,"") -> Laboratorium | C45: =IFERROR(N('Costing Template'!D24),"") -> 0 | D45: =IFERROR(N('Costing Template'!R24),"") -> 0 | E45: =IFERROR(N('Costing Template'!G24),"") -> 0 | F45: =IFERROR(N('Costing Template'!G24)+N('Costing Template'!F24),"") -> 0 | G45: =IFERROR(N('Costing Template'!E24),"") -> 0
A46: 4 | B46: =IFERROR('Costing Template'!B25,"") -> Rehabilitasi Medik | C46: =IFERROR(N('Costing Template'!D25),"") -> 0 | D46: =IFERROR(N('Costing Template'!R25),"") -> 0 | E46: =IFERROR(N('Costing Template'!G25),"") -> 0 | F46: =IFERROR(N('Costing Template'!G25)+N('Costing Template'!F25),"") -> 0 | G46: =IFERROR(N('Costing Template'!E25),"") -> 0
A47: 5 | B47: =IFERROR('Costing Template'!B26,"") -> Rehabilitasi Psikososial | C47: =IFERROR(N('Costing Template'!D26),"") -> 0 | D47: =IFERROR(N('Costing Template'!R26),"") -> 0 | E47: =IFERROR(N('Costing Template'!G26),"") -> 0 | F47: =IFERROR(N('Costing Template'!G26)+N('Costing Template'!F26),"") -> 0 | G47: =IFERROR(N('Costing Template'!E26),"") -> 0
A48: 6 | B48: =IFERROR('Costing Template'!B27,"") -> Instalasi Bedah Sentral (IBS) | C48: =IFERROR(N('Costing Template'!D27),"") -> 0 | D48: =IFERROR(N('Costing Template'!R27),"") -> 0 | E48: =IFERROR(N('Costing Template'!G27),"") -> 0 | F48: =IFERROR(N('Costing Template'!G27)+N('Costing Template'!F27),"") -> 0 | G48: =IFERROR(N('Costing Template'!E27),"") -> 0
A49: 7 | B49: =IFERROR('Costing Template'!B28,"") -> Instalasi Gizi | C49: =IFERROR(N('Costing Template'!D28),"") -> 0 | D49: =IFERROR(N('Costing Template'!R28),"") -> 0 | E49: =IFERROR(N('Costing Template'!G28),"") -> 0 | F49: =IFERROR(N('Costing Template'!G28)+N('Costing Template'!F28),"") -> 0 | G49: =IFERROR(N('Costing Template'!E28),"") -> 0
A50: 8 | B50: =IFERROR('Costing Template'!B29,"") -> Laundry Rumah Sakit | C50: =IFERROR(N('Costing Template'!D29),"") -> 0 | D50: =IFERROR(N('Costing Template'!R29),"") -> 0 | E50: =IFERROR(N('Costing Template'!G29),"") -> 0 | F50: =IFERROR(N('Costing Template'!G29)+N('Costing Template'!F29),"") -> 0 | G50: =IFERROR(N('Costing Template'!E29),"") -> 0
A51: 9 | B51: =IFERROR('Costing Template'!B30,"") -> Unit Sterilisasi Alat (CSSD) | C51: =IFERROR(N('Costing Template'!D30),"") -> 0 | D51: =IFERROR(N('Costing Template'!R30),"") -> 0 | E51: =IFERROR(N('Costing Template'!G30),"") -> 0 | F51: =IFERROR(N('Costing Template'!G30)+N('Costing Template'!F30),"") -> 0 | G51: =IFERROR(N('Costing Template'!E30),"") -> 0
A52: 10 | B52: =IFERROR('Costing Template'!B31,"") -> Gas Medis | C52: =IFERROR(N('Costing Template'!D31),"") -> 0 | D52: =IFERROR(N('Costing Template'!R31),"") -> 0 | E52: =IFERROR(N('Costing Template'!G31),"") -> 0 | F52: =IFERROR(N('Costing Template'!G31)+N('Costing Template'!F31),"") -> 0 | G52: =IFERROR(N('Costing Template'!E31),"") -> 0
A53: 11 | B53: =IFERROR('Costing Template'!B32,"") -> Bank Darah | C53: =IFERROR(N('Costing Template'!D32),"") -> 0 | D53: =IFERROR(N('Costing Template'!R32),"") -> 0 | E53: =IFERROR(N('Costing Template'!G32),"") -> 0 | F53: =IFERROR(N('Costing Template'!G32)+N('Costing Template'!F32),"") -> 0 | G53: =IFERROR(N('Costing Template'!E32),"") -> 0
A54: 12 | B54: =IFERROR('Costing Template'!B33,"") -> Bank Jaringan | C54: =IFERROR(N('Costing Template'!D33),"") -> 0 | D54: =IFERROR(N('Costing Template'!R33),"") -> 0 | E54: =IFERROR(N('Costing Template'!G33),"") -> 0 | F54: =IFERROR(N('Costing Template'!G33)+N('Costing Template'!F33),"") -> 0 | G54: =IFERROR(N('Costing Template'!E33),"") -> 0
A55: 13 | B55: =IFERROR('Costing Template'!B38,"") -> Kamar Rawat Inap Standar (KRIS) C | C55: =IFERROR(N('Costing Template'!D38),"") -> 0 | D55: =IFERROR(N('Costing Template'!R38),"") -> 0 | E55: =IFERROR(N('Costing Template'!G38),"") -> 0 | F55: =IFERROR(N('Costing Template'!G38)+N('Costing Template'!F38),"") -> 0 | G55: =IFERROR(N('Costing Template'!E38),"") -> 0
A56: 14 | B56: =IFERROR('Costing Template'!B39,"") -> Kamar Rawat Inap Standar (KRIS) B | C56: =IFERROR(N('Costing Template'!D39),"") -> 0 | D56: =IFERROR(N('Costing Template'!R39),"") -> 0 | E56: =IFERROR(N('Costing Template'!G39),"") -> 0 | F56: =IFERROR(N('Costing Template'!G39)+N('Costing Template'!F39),"") -> 0 | G56: =IFERROR(N('Costing Template'!E39),"") -> 0
A57: 15 | B57: =IFERROR('Costing Template'!B40,"") -> Kamar Rawat Inap Standar (KRIS) A | C57: =IFERROR(N('Costing Template'!D40),"") -> 0 | D57: =IFERROR(N('Costing Template'!R40),"") -> 0 | E57: =IFERROR(N('Costing Template'!G40),"") -> 0 | F57: =IFERROR(N('Costing Template'!G40)+N('Costing Template'!F40),"") -> 0 | G57: =IFERROR(N('Costing Template'!E40),"") -> 0
A58: 16 | B58: =IFERROR('Costing Template'!B41,"") -> Kamar VIP/VVIP/Suite | C58: =IFERROR(N('Costing Template'!D41),"") -> 0 | D58: =IFERROR(N('Costing Template'!R41),"") -> 0 | E58: =IFERROR(N('Costing Template'!G41),"") -> 0 | F58: =IFERROR(N('Costing Template'!G41)+N('Costing Template'!F41),"") -> 0 | G58: =IFERROR(N('Costing Template'!E41),"") -> 0
A59: 17 | B59: =IFERROR('Costing Template'!B42,"") -> Kamar ICU/ICCU/NICU/PICU/HCU | C59: =IFERROR(N('Costing Template'!D42),"") -> 0 | D59: =IFERROR(N('Costing Template'!R42),"") -> 0 | E59: =IFERROR(N('Costing Template'!G42),"") -> 0 | F59: =IFERROR(N('Costing Template'!G42)+N('Costing Template'!F42),"") -> 0 | G59: =IFERROR(N('Costing Template'!E42),"") -> 0
A60: 18 | B60: =IFERROR('Costing Template'!B43,"") -> Instalasi Gawat Darurat (IGD) | C60: =IFERROR(N('Costing Template'!D43),"") -> 0 | D60: =IFERROR(N('Costing Template'!R43),"") -> 0 | E60: =IFERROR(N('Costing Template'!G43),"") -> 0 | F60: =IFERROR(N('Costing Template'!G43)+N('Costing Template'!F43),"") -> 0 | G60: =IFERROR(N('Costing Template'!E43),"") -> 0
A61: 19 | B61: =IFERROR('Costing Template'!B44,"") -> Neoplasma dan Myeloproliferative | C61: =IFERROR(N('Costing Template'!D44),"") -> 0 | D61: =IFERROR(N('Costing Template'!R44),"") -> 0 | E61: =IFERROR(N('Costing Template'!G44),"") -> 0 | F61: =IFERROR(N('Costing Template'!G44)+N('Costing Template'!F44),"") -> 0 | G61: =IFERROR(N('Costing Template'!E44),"") -> 0
A62: 20 | B62: =IFERROR('Costing Template'!B45,"") -> Jantung dan Pembuluh Darah | C62: =IFERROR(N('Costing Template'!D45),"") -> 0 | D62: =IFERROR(N('Costing Template'!R45),"") -> 0 | E62: =IFERROR(N('Costing Template'!G45),"") -> 0 | F62: =IFERROR(N('Costing Template'!G45)+N('Costing Template'!F45),"") -> 0 | G62: =IFERROR(N('Costing Template'!E45),"") -> 0
A63: 21 | B63: =IFERROR('Costing Template'!B46,"") -> Saraf / Neuroscience | C63: =IFERROR(N('Costing Template'!D46),"") -> 0 | D63: =IFERROR(N('Costing Template'!R46),"") -> 0 | E63: =IFERROR(N('Costing Template'!G46),"") -> 0 | F63: =IFERROR(N('Costing Template'!G46)+N('Costing Template'!F46),"") -> 0 | G63: =IFERROR(N('Costing Template'!E46),"") -> 0
A64: 22 | B64: =IFERROR('Costing Template'!B47,"") -> Kesehatan Ibu dan Ginekologi | C64: =IFERROR(N('Costing Template'!D47),"") -> 0 | D64: =IFERROR(N('Costing Template'!R47),"") -> 0 | E64: =IFERROR(N('Costing Template'!G47),"") -> 0 | F64: =IFERROR(N('Costing Template'!G47)+N('Costing Template'!F47),"") -> 0 | G64: =IFERROR(N('Costing Template'!E47),"") -> 0
A65: 23 | B65: =IFERROR('Costing Template'!B48,"") -> Kesehatan Neonatus | C65: =IFERROR(N('Costing Template'!D48),"") -> 0 | D65: =IFERROR(N('Costing Template'!R48),"") -> 0 | E65: =IFERROR(N('Costing Template'!G48),"") -> 0 | F65: =IFERROR(N('Costing Template'!G48)+N('Costing Template'!F48),"") -> 0 | G65: =IFERROR(N('Costing Template'!E48),"") -> 0
A66: 24 | B66: =IFERROR('Costing Template'!B49,"") -> Sistem Pencernaan dan Hepatobiliar | C66: =IFERROR(N('Costing Template'!D49),"") -> 0 | D66: =IFERROR(N('Costing Template'!R49),"") -> 0 | E66: =IFERROR(N('Costing Template'!G49),"") -> 0 | F66: =IFERROR(N('Costing Template'!G49)+N('Costing Template'!F49),"") -> 0 | G66: =IFERROR(N('Costing Template'!E49),"") -> 0
... A84: 42 | B84: =IFERROR('Costing Template'!B67,"") -> Rehabilitasi Medik | C84: =IFERROR(N('Costing Template'!D67),"") -> 0 | D84: =IFERROR(N('Costing Template'!R67),"") -> 0 | E84: =IFERROR(N('Costing Template'!G67),"") -> 0 | F84: =IFERROR(N('Costing Template'!G67)+N('Costing Template'!F67),"") -> 0 | G84: =IFERROR(N('Costing Template'!E67),"") -> 0
B85: TOTAL | C85: =IFERROR(SUM(C43:C84),"") -> 0 | D85: =IFERROR(SUM(D43:D84),"") -> 0 | E85: =IFERROR(SUM(E43:E84),"") -> 0 | F85: =IFERROR(SUM(F43:F84),"") -> 0 | G85: =IFERROR(SUM(G43:G84),"") -> 0
A87: 4. ALOKASI OVERHEAD: Biaya Overhead × Nilai Kunci Penerima ÷ Σ Nilai Kunci
B88: Rumus sel: =Biaya overhead × INDEX(nilai kunci penerima) ÷ SUM(nilai kunci seluruh penerima).
A89: No | B89: Penerima \ Overhead | C89: =IFERROR(B26,"") -> Manajemen & Administrasi | D89: =IFERROR(B27,"") -> Komite & Pengawasan | E89: =IFERROR(B28,"") -> Teknologi Informasi | F89: =IFERROR(B29,"") -> Pendidikan & Penelitian | G89: =IFERROR(B30,"") -> Keamanan & Keselamatan | H89: =IFERROR(B31,"") -> Cleaning Services | I89: =IFERROR(B32,"") -> Customer Service / Front Office | J89: =IFERROR(B33,"") -> Bahan Habis Pakai - Non Medis | K89: =IFERROR(B34,"") -> Fasilitas (Listrik, Air, Telepon, Internet) | L89: =IFERROR(B35,"") -> Pajak & Asuransi | M89: =IFERROR(B36,"") -> Sewa dan Kerja Sama Operasional | N89: =IFERROR(B37,"") -> Parkir | O89: Total Overhead Diterima
B90: Kunci alokasi | C90: =IFERROR(C26,"") -> jumlah_staf | D90: =IFERROR(C27,"") -> jumlah_staf | E90: =IFERROR(C28,"") -> jumlah_staf | F90: =IFERROR(C29,"") -> jumlah_staf | G90: =IFERROR(C30,"") -> luas_lantai | H90: =IFERROR(C31,"") -> luas_lantai | I90: =IFERROR(C32,"") -> jumlah_pasien | J90: =IFERROR(C33,"") -> jumlah_staf | K90: =IFERROR(C34,"") -> luas_lantai | L90: =IFERROR(C35,"") -> luas_lantai | M90: =IFERROR(C36,"") -> luas_lantai | N90: =IFERROR(C37,"") -> jumlah_kunjungan
B91: Total biaya overhead (Rp) | C91: =IFERROR(D26,"") | D91: =IFERROR(D27,"") | E91: =IFERROR(D28,"") | F91: =IFERROR(D29,"") | G91: =IFERROR(D30,"") | H91: =IFERROR(D31,"") | I91: =IFERROR(D32,"") | J91: =IFERROR(D33,"") | K91: =IFERROR(D34,"") | L91: =IFERROR(D35,"") | M91: =IFERROR(D36,"") | N91: =IFERROR(D37,"")
A92: 1 | B92: =IFERROR(B43,"") -> Farmasi | C92: =IFERROR(C$91*INDEX($C43:$G43,MATCH(C$90,$C$42:$G$42,0))/SUM(INDEX($C$43:$G$84,0,MATCH(C$90,$C$42:$G$42,0))),"") | D92: =IFERROR(D$91*INDEX($C43:$G43,MATCH(D$90,$C$42:$G$42,0))/SUM(INDEX($C$43:$G$84,0,MATCH(D$90,$C$42:$G$42,0))),"") | E92: =IFERROR(E$91*INDEX($C43:$G43,MATCH(E$90,$C$42:$G$42,0))/SUM(INDEX($C$43:$G$84,0,MATCH(E$90,$C$42:$G$42,0))),"") | F92: =IFERROR(F$91*INDEX($C43:$G43,MATCH(F$90,$C$42:$G$42,0))/SUM(INDEX($C$43:$G$84,0,MATCH(F$90,$C$42:$G$42,0))),"") | G92: =IFERROR(G$91*INDEX($C43:$G43,MATCH(G$90,$C$42:$G$42,0))/SUM(INDEX($C$43:$G$84,0,MATCH(G$90,$C$42:$G$42,0))),"") | H92: =IFERROR(H$91*INDEX($C43:$G43,MATCH(H$90,$C$42:$G$42,0))/SUM(INDEX($C$43:$G$84,0,MATCH(H$90,$C$42:$G$42,0))),"") | I92: =IFERROR(I$91*INDEX($C43:$G43,MATCH(I$90,$C$42:$G$42,0))/SUM(INDEX($C$43:$G$84,0,MATCH(I$90,$C$42:$G$42,0))),"") | J92: =IFERROR(J$91*INDEX($C43:$G43,MATCH(J$90,$C$42:$G$42,0))/SUM(INDEX($C$43:$G$84,0,MATCH(J$90,$C$42:$G$42,0))),"") | ... N92: =IFERROR(N$91*INDEX($C43:$G43,MATCH(N$90,$C$42:$G$42,0))/SUM(INDEX($C$43:$G$84,0,MATCH(N$90,$C$42:$G$42,0))),"") | O92: =IFERROR(SUM(C92:N92),"") -> 0
A93: 2 | B93: =IFERROR(B44,"") -> Radiologi | C93: =IFERROR(C$91*INDEX($C44:$G44,MATCH(C$90,$C$42:$G$42,0))/SUM(INDEX($C$43:$G$84,0,MATCH(C$90,$C$42:$G$42,0))),"") | D93: =IFERROR(D$91*INDEX($C44:$G44,MATCH(D$90,$C$42:$G$42,0))/SUM(INDEX($C$43:$G$84,0,MATCH(D$90,$C$42:$G$42,0))),"") | E93: =IFERROR(E$91*INDEX($C44:$G44,MATCH(E$90,$C$42:$G$42,0))/SUM(INDEX($C$43:$G$84,0,MATCH(E$90,$C$42:$G$42,0))),"") | F93: =IFERROR(F$91*INDEX($C44:$G44,MATCH(F$90,$C$42:$G$42,0))/SUM(INDEX($C$43:$G$84,0,MATCH(F$90,$C$42:$G$42,0))),"") | G93: =IFERROR(G$91*INDEX($C44:$G44,MATCH(G$90,$C$42:$G$42,0))/SUM(INDEX($C$43:$G$84,0,MATCH(G$90,$C$42:$G$42,0))),"") | H93: =IFERROR(H$91*INDEX($C44:$G44,MATCH(H$90,$C$42:$G$42,0))/SUM(INDEX($C$43:$G$84,0,MATCH(H$90,$C$42:$G$42,0))),"") | I93: =IFERROR(I$91*INDEX($C44:$G44,MATCH(I$90,$C$42:$G$42,0))/SUM(INDEX($C$43:$G$84,0,MATCH(I$90,$C$42:$G$42,0))),"") | J93: =IFERROR(J$91*INDEX($C44:$G44,MATCH(J$90,$C$42:$G$42,0))/SUM(INDEX($C$43:$G$84,0,MATCH(J$90,$C$42:$G$42,0))),"") | ... N93: =IFERROR(N$91*INDEX($C44:$G44,MATCH(N$90,$C$42:$G$42,0))/SUM(INDEX($C$43:$G$84,0,MATCH(N$90,$C$42:$G$42,0))),"") | O93: =IFERROR(SUM(C93:N93),"") -> 0
A94: 3 | B94: =IFERROR(B45,"") -> Laboratorium | C94: =IFERROR(C$91*INDEX($C45:$G45,MATCH(C$90,$C$42:$G$42,0))/SUM(INDEX($C$43:$G$84,0,MATCH(C$90,$C$42:$G$42,0))),"") | D94: =IFERROR(D$91*INDEX($C45:$G45,MATCH(D$90,$C$42:$G$42,0))/SUM(INDEX($C$43:$G$84,0,MATCH(D$90,$C$42:$G$42,0))),"") | E94: =IFERROR(E$91*INDEX($C45:$G45,MATCH(E$90,$C$42:$G$42,0))/SUM(INDEX($C$43:$G$84,0,MATCH(E$90,$C$42:$G$42,0))),"") | F94: =IFERROR(F$91*INDEX($C45:$G45,MATCH(F$90,$C$42:$G$42,0))/SUM(INDEX($C$43:$G$84,0,MATCH(F$90,$C$42:$G$42,0))),"") | G94: =IFERROR(G$91*INDEX($C45:$G45,MATCH(G$90,$C$42:$G$42,0))/SUM(INDEX($C$43:$G$84,0,MATCH(G$90,$C$42:$G$42,0))),"") | H94: =IFERROR(H$91*INDEX($C45:$G45,MATCH(H$90,$C$42:$G$42,0))/SUM(INDEX($C$43:$G$84,0,MATCH(H$90,$C$42:$G$42,0))),"") | I94: =IFERROR(I$91*INDEX($C45:$G45,MATCH(I$90,$C$42:$G$42,0))/SUM(INDEX($C$43:$G$84,0,MATCH(I$90,$C$42:$G$42,0))),"") | J94: =IFERROR(J$91*INDEX($C45:$G45,MATCH(J$90,$C$42:$G$42,0))/SUM(INDEX($C$43:$G$84,0,MATCH(J$90,$C$42:$G$42,0))),"") | ... N94: =IFERROR(N$91*INDEX($C45:$G45,MATCH(N$90,$C$42:$G$42,0))/SUM(INDEX($C$43:$G$84,0,MATCH(N$90,$C$42:$G$42,0))),"") | O94: =IFERROR(SUM(C94:N94),"") -> 0
A95: 4 | B95: =IFERROR(B46,"") -> Rehabilitasi Medik | C95: =IFERROR(C$91*INDEX($C46:$G46,MATCH(C$90,$C$42:$G$42,0))/SUM(INDEX($C$43:$G$84,0,MATCH(C$90,$C$42:$G$42,0))),"") | D95: =IFERROR(D$91*INDEX($C46:$G46,MATCH(D$90,$C$42:$G$42,0))/SUM(INDEX($C$43:$G$84,0,MATCH(D$90,$C$42:$G$42,0))),"") | E95: =IFERROR(E$91*INDEX($C46:$G46,MATCH(E$90,$C$42:$G$42,0))/SUM(INDEX($C$43:$G$84,0,MATCH(E$90,$C$42:$G$42,0))),"") | F95: =IFERROR(F$91*INDEX($C46:$G46,MATCH(F$90,$C$42:$G$42,0))/SUM(INDEX($C$43:$G$84,0,MATCH(F$90,$C$42:$G$42,0))),"") | G95: =IFERROR(G$91*INDEX($C46:$G46,MATCH(G$90,$C$42:$G$42,0))/SUM(INDEX($C$43:$G$84,0,MATCH(G$90,$C$42:$G$42,0))),"") | H95: =IFERROR(H$91*INDEX($C46:$G46,MATCH(H$90,$C$42:$G$42,0))/SUM(INDEX($C$43:$G$84,0,MATCH(H$90,$C$42:$G$42,0))),"") | I95: =IFERROR(I$91*INDEX($C46:$G46,MATCH(I$90,$C$42:$G$42,0))/SUM(INDEX($C$43:$G$84,0,MATCH(I$90,$C$42:$G$42,0))),"") | J95: =IFERROR(J$91*INDEX($C46:$G46,MATCH(J$90,$C$42:$G$42,0))/SUM(INDEX($C$43:$G$84,0,MATCH(J$90,$C$42:$G$42,0))),"") | ... N95: =IFERROR(N$91*INDEX($C46:$G46,MATCH(N$90,$C$42:$G$42,0))/SUM(INDEX($C$43:$G$84,0,MATCH(N$90,$C$42:$G$42,0))),"") | O95: =IFERROR(SUM(C95:N95),"") -> 0
A96: 5 | B96: =IFERROR(B47,"") -> Rehabilitasi Psikososial | C96: =IFERROR(C$91*INDEX($C47:$G47,MATCH(C$90,$C$42:$G$42,0))/SUM(INDEX($C$43:$G$84,0,MATCH(C$90,$C$42:$G$42,0))),"") | D96: =IFERROR(D$91*INDEX($C47:$G47,MATCH(D$90,$C$42:$G$42,0))/SUM(INDEX($C$43:$G$84,0,MATCH(D$90,$C$42:$G$42,0))),"") | E96: =IFERROR(E$91*INDEX($C47:$G47,MATCH(E$90,$C$42:$G$42,0))/SUM(INDEX($C$43:$G$84,0,MATCH(E$90,$C$42:$G$42,0))),"") | F96: =IFERROR(F$91*INDEX($C47:$G47,MATCH(F$90,$C$42:$G$42,0))/SUM(INDEX($C$43:$G$84,0,MATCH(F$90,$C$42:$G$42,0))),"") | G96: =IFERROR(G$91*INDEX($C47:$G47,MATCH(G$90,$C$42:$G$42,0))/SUM(INDEX($C$43:$G$84,0,MATCH(G$90,$C$42:$G$42,0))),"") | H96: =IFERROR(H$91*INDEX($C47:$G47,MATCH(H$90,$C$42:$G$42,0))/SUM(INDEX($C$43:$G$84,0,MATCH(H$90,$C$42:$G$42,0))),"") | I96: =IFERROR(I$91*INDEX($C47:$G47,MATCH(I$90,$C$42:$G$42,0))/SUM(INDEX($C$43:$G$84,0,MATCH(I$90,$C$42:$G$42,0))),"") | J96: =IFERROR(J$91*INDEX($C47:$G47,MATCH(J$90,$C$42:$G$42,0))/SUM(INDEX($C$43:$G$84,0,MATCH(J$90,$C$42:$G$42,0))),"") | ... N96: =IFERROR(N$91*INDEX($C47:$G47,MATCH(N$90,$C$42:$G$42,0))/SUM(INDEX($C$43:$G$84,0,MATCH(N$90,$C$42:$G$42,0))),"") | O96: =IFERROR(SUM(C96:N96),"") -> 0
A97: 6 | B97: =IFERROR(B48,"") -> Instalasi Bedah Sentral (IBS) | C97: =IFERROR(C$91*INDEX($C48:$G48,MATCH(C$90,$C$42:$G$42,0))/SUM(INDEX($C$43:$G$84,0,MATCH(C$90,$C$42:$G$42,0))),"") | D97: =IFERROR(D$91*INDEX($C48:$G48,MATCH(D$90,$C$42:$G$42,0))/SUM(INDEX($C$43:$G$84,0,MATCH(D$90,$C$42:$G$42,0))),"") | E97: =IFERROR(E$91*INDEX($C48:$G48,MATCH(E$90,$C$42:$G$42,0))/SUM(INDEX($C$43:$G$84,0,MATCH(E$90,$C$42:$G$42,0))),"") | F97: =IFERROR(F$91*INDEX($C48:$G48,MATCH(F$90,$C$42:$G$42,0))/SUM(INDEX($C$43:$G$84,0,MATCH(F$90,$C$42:$G$42,0))),"") | G97: =IFERROR(G$91*INDEX($C48:$G48,MATCH(G$90,$C$42:$G$42,0))/SUM(INDEX($C$43:$G$84,0,MATCH(G$90,$C$42:$G$42,0))),"") | H97: =IFERROR(H$91*INDEX($C48:$G48,MATCH(H$90,$C$42:$G$42,0))/SUM(INDEX($C$43:$G$84,0,MATCH(H$90,$C$42:$G$42,0))),"") | I97: =IFERROR(I$91*INDEX($C48:$G48,MATCH(I$90,$C$42:$G$42,0))/SUM(INDEX($C$43:$G$84,0,MATCH(I$90,$C$42:$G$42,0))),"") | J97: =IFERROR(J$91*INDEX($C48:$G48,MATCH(J$90,$C$42:$G$42,0))/SUM(INDEX($C$43:$G$84,0,MATCH(J$90,$C$42:$G$42,0))),"") | ... N97: =IFERROR(N$91*INDEX($C48:$G48,MATCH(N$90,$C$42:$G$42,0))/SUM(INDEX($C$43:$G$84,0,MATCH(N$90,$C$42:$G$42,0))),"") | O97: =IFERROR(SUM(C97:N97),"") -> 0
A98: 7 | B98: =IFERROR(B49,"") -> Instalasi Gizi | C98: =IFERROR(C$91*INDEX($C49:$G49,MATCH(C$90,$C$42:$G$42,0))/SUM(INDEX($C$43:$G$84,0,MATCH(C$90,$C$42:$G$42,0))),"") | D98: =IFERROR(D$91*INDEX($C49:$G49,MATCH(D$90,$C$42:$G$42,0))/SUM(INDEX($C$43:$G$84,0,MATCH(D$90,$C$42:$G$42,0))),"") | E98: =IFERROR(E$91*INDEX($C49:$G49,MATCH(E$90,$C$42:$G$42,0))/SUM(INDEX($C$43:$G$84,0,MATCH(E$90,$C$42:$G$42,0))),"") | F98: =IFERROR(F$91*INDEX($C49:$G49,MATCH(F$90,$C$42:$G$42,0))/SUM(INDEX($C$43:$G$84,0,MATCH(F$90,$C$42:$G$42,0))),"") | G98: =IFERROR(G$91*INDEX($C49:$G49,MATCH(G$90,$C$42:$G$42,0))/SUM(INDEX($C$43:$G$84,0,MATCH(G$90,$C$42:$G$42,0))),"") | H98: =IFERROR(H$91*INDEX($C49:$G49,MATCH(H$90,$C$42:$G$42,0))/SUM(INDEX($C$43:$G$84,0,MATCH(H$90,$C$42:$G$42,0))),"") | I98: =IFERROR(I$91*INDEX($C49:$G49,MATCH(I$90,$C$42:$G$42,0))/SUM(INDEX($C$43:$G$84,0,MATCH(I$90,$C$42:$G$42,0))),"") | J98: =IFERROR(J$91*INDEX($C49:$G49,MATCH(J$90,$C$42:$G$42,0))/SUM(INDEX($C$43:$G$84,0,MATCH(J$90,$C$42:$G$42,0))),"") | ... N98: =IFERROR(N$91*INDEX($C49:$G49,MATCH(N$90,$C$42:$G$42,0))/SUM(INDEX($C$43:$G$84,0,MATCH(N$90,$C$42:$G$42,0))),"") | O98: =IFERROR(SUM(C98:N98),"") -> 0
A99: 8 | B99: =IFERROR(B50,"") -> Laundry Rumah Sakit | C99: =IFERROR(C$91*INDEX($C50:$G50,MATCH(C$90,$C$42:$G$42,0))/SUM(INDEX($C$43:$G$84,0,MATCH(C$90,$C$42:$G$42,0))),"") | D99: =IFERROR(D$91*INDEX($C50:$G50,MATCH(D$90,$C$42:$G$42,0))/SUM(INDEX($C$43:$G$84,0,MATCH(D$90,$C$42:$G$42,0))),"") | E99: =IFERROR(E$91*INDEX($C50:$G50,MATCH(E$90,$C$42:$G$42,0))/SUM(INDEX($C$43:$G$84,0,MATCH(E$90,$C$42:$G$42,0))),"") | F99: =IFERROR(F$91*INDEX($C50:$G50,MATCH(F$90,$C$42:$G$42,0))/SUM(INDEX($C$43:$G$84,0,MATCH(F$90,$C$42:$G$42,0))),"") | G99: =IFERROR(G$91*INDEX($C50:$G50,MATCH(G$90,$C$42:$G$42,0))/SUM(INDEX($C$43:$G$84,0,MATCH(G$90,$C$42:$G$42,0))),"") | H99: =IFERROR(H$91*INDEX($C50:$G50,MATCH(H$90,$C$42:$G$42,0))/SUM(INDEX($C$43:$G$84,0,MATCH(H$90,$C$42:$G$42,0))),"") | I99: =IFERROR(I$91*INDEX($C50:$G50,MATCH(I$90,$C$42:$G$42,0))/SUM(INDEX($C$43:$G$84,0,MATCH(I$90,$C$42:$G$42,0))),"") | J99: =IFERROR(J$91*INDEX($C50:$G50,MATCH(J$90,$C$42:$G$42,0))/SUM(INDEX($C$43:$G$84,0,MATCH(J$90,$C$42:$G$42,0))),"") | ... N99: =IFERROR(N$91*INDEX($C50:$G50,MATCH(N$90,$C$42:$G$42,0))/SUM(INDEX($C$43:$G$84,0,MATCH(N$90,$C$42:$G$42,0))),"") | O99: =IFERROR(SUM(C99:N99),"") -> 0
A100: 9 | B100: =IFERROR(B51,"") -> Unit Sterilisasi Alat (CSSD) | C100: =IFERROR(C$91*INDEX($C51:$G51,MATCH(C$90,$C$42:$G$42,0))/SUM(INDEX($C$43:$G$84,0,MATCH(C$90,$C$42:$G$42,0))),"") | D100: =IFERROR(D$91*INDEX($C51:$G51,MATCH(D$90,$C$42:$G$42,0))/SUM(INDEX($C$43:$G$84,0,MATCH(D$90,$C$42:$G$42,0))),"") | E100: =IFERROR(E$91*INDEX($C51:$G51,MATCH(E$90,$C$42:$G$42,0))/SUM(INDEX($C$43:$G$84,0,MATCH(E$90,$C$42:$G$42,0))),"") | F100: =IFERROR(F$91*INDEX($C51:$G51,MATCH(F$90,$C$42:$G$42,0))/SUM(INDEX($C$43:$G$84,0,MATCH(F$90,$C$42:$G$42,0))),"") | G100: =IFERROR(G$91*INDEX($C51:$G51,MATCH(G$90,$C$42:$G$42,0))/SUM(INDEX($C$43:$G$84,0,MATCH(G$90,$C$42:$G$42,0))),"") | H100: =IFERROR(H$91*INDEX($C51:$G51,MATCH(H$90,$C$42:$G$42,0))/SUM(INDEX($C$43:$G$84,0,MATCH(H$90,$C$42:$G$42,0))),"") | I100: =IFERROR(I$91*INDEX($C51:$G51,MATCH(I$90,$C$42:$G$42,0))/SUM(INDEX($C$43:$G$84,0,MATCH(I$90,$C$42:$G$42,0))),"") | J100: =IFERROR(J$91*INDEX($C51:$G51,MATCH(J$90,$C$42:$G$42,0))/SUM(INDEX($C$43:$G$84,0,MATCH(J$90,$C$42:$G$42,0))),"") | ... N100: =IFERROR(N$91*INDEX($C51:$G51,MATCH(N$90,$C$42:$G$42,0))/SUM(INDEX($C$43:$G$84,0,MATCH(N$90,$C$42:$G$42,0))),"") | O100: =IFERROR(SUM(C100:N100),"") -> 0
A101: 10 | B101: =IFERROR(B52,"") -> Gas Medis | C101: =IFERROR(C$91*INDEX($C52:$G52,MATCH(C$90,$C$42:$G$42,0))/SUM(INDEX($C$43:$G$84,0,MATCH(C$90,$C$42:$G$42,0))),"") | D101: =IFERROR(D$91*INDEX($C52:$G52,MATCH(D$90,$C$42:$G$42,0))/SUM(INDEX($C$43:$G$84,0,MATCH(D$90,$C$42:$G$42,0))),"") | E101: =IFERROR(E$91*INDEX($C52:$G52,MATCH(E$90,$C$42:$G$42,0))/SUM(INDEX($C$43:$G$84,0,MATCH(E$90,$C$42:$G$42,0))),"") | F101: =IFERROR(F$91*INDEX($C52:$G52,MATCH(F$90,$C$42:$G$42,0))/SUM(INDEX($C$43:$G$84,0,MATCH(F$90,$C$42:$G$42,0))),"") | G101: =IFERROR(G$91*INDEX($C52:$G52,MATCH(G$90,$C$42:$G$42,0))/SUM(INDEX($C$43:$G$84,0,MATCH(G$90,$C$42:$G$42,0))),"") | H101: =IFERROR(H$91*INDEX($C52:$G52,MATCH(H$90,$C$42:$G$42,0))/SUM(INDEX($C$43:$G$84,0,MATCH(H$90,$C$42:$G$42,0))),"") | I101: =IFERROR(I$91*INDEX($C52:$G52,MATCH(I$90,$C$42:$G$42,0))/SUM(INDEX($C$43:$G$84,0,MATCH(I$90,$C$42:$G$42,0))),"") | J101: =IFERROR(J$91*INDEX($C52:$G52,MATCH(J$90,$C$42:$G$42,0))/SUM(INDEX($C$43:$G$84,0,MATCH(J$90,$C$42:$G$42,0))),"") | ... N101: =IFERROR(N$91*INDEX($C52:$G52,MATCH(N$90,$C$42:$G$42,0))/SUM(INDEX($C$43:$G$84,0,MATCH(N$90,$C$42:$G$42,0))),"") | O101: =IFERROR(SUM(C101:N101),"") -> 0
A102: 11 | B102: =IFERROR(B53,"") -> Bank Darah | C102: =IFERROR(C$91*INDEX($C53:$G53,MATCH(C$90,$C$42:$G$42,0))/SUM(INDEX($C$43:$G$84,0,MATCH(C$90,$C$42:$G$42,0))),"") | D102: =IFERROR(D$91*INDEX($C53:$G53,MATCH(D$90,$C$42:$G$42,0))/SUM(INDEX($C$43:$G$84,0,MATCH(D$90,$C$42:$G$42,0))),"") | E102: =IFERROR(E$91*INDEX($C53:$G53,MATCH(E$90,$C$42:$G$42,0))/SUM(INDEX($C$43:$G$84,0,MATCH(E$90,$C$42:$G$42,0))),"") | F102: =IFERROR(F$91*INDEX($C53:$G53,MATCH(F$90,$C$42:$G$42,0))/SUM(INDEX($C$43:$G$84,0,MATCH(F$90,$C$42:$G$42,0))),"") | G102: =IFERROR(G$91*INDEX($C53:$G53,MATCH(G$90,$C$42:$G$42,0))/SUM(INDEX($C$43:$G$84,0,MATCH(G$90,$C$42:$G$42,0))),"") | H102: =IFERROR(H$91*INDEX($C53:$G53,MATCH(H$90,$C$42:$G$42,0))/SUM(INDEX($C$43:$G$84,0,MATCH(H$90,$C$42:$G$42,0))),"") | I102: =IFERROR(I$91*INDEX($C53:$G53,MATCH(I$90,$C$42:$G$42,0))/SUM(INDEX($C$43:$G$84,0,MATCH(I$90,$C$42:$G$42,0))),"") | J102: =IFERROR(J$91*INDEX($C53:$G53,MATCH(J$90,$C$42:$G$42,0))/SUM(INDEX($C$43:$G$84,0,MATCH(J$90,$C$42:$G$42,0))),"") | ... N102: =IFERROR(N$91*INDEX($C53:$G53,MATCH(N$90,$C$42:$G$42,0))/SUM(INDEX($C$43:$G$84,0,MATCH(N$90,$C$42:$G$42,0))),"") | O102: =IFERROR(SUM(C102:N102),"") -> 0
A103: 12 | B103: =IFERROR(B54,"") -> Bank Jaringan | C103: =IFERROR(C$91*INDEX($C54:$G54,MATCH(C$90,$C$42:$G$42,0))/SUM(INDEX($C$43:$G$84,0,MATCH(C$90,$C$42:$G$42,0))),"") | D103: =IFERROR(D$91*INDEX($C54:$G54,MATCH(D$90,$C$42:$G$42,0))/SUM(INDEX($C$43:$G$84,0,MATCH(D$90,$C$42:$G$42,0))),"") | E103: =IFERROR(E$91*INDEX($C54:$G54,MATCH(E$90,$C$42:$G$42,0))/SUM(INDEX($C$43:$G$84,0,MATCH(E$90,$C$42:$G$42,0))),"") | F103: =IFERROR(F$91*INDEX($C54:$G54,MATCH(F$90,$C$42:$G$42,0))/SUM(INDEX($C$43:$G$84,0,MATCH(F$90,$C$42:$G$42,0))),"") | G103: =IFERROR(G$91*INDEX($C54:$G54,MATCH(G$90,$C$42:$G$42,0))/SUM(INDEX($C$43:$G$84,0,MATCH(G$90,$C$42:$G$42,0))),"") | H103: =IFERROR(H$91*INDEX($C54:$G54,MATCH(H$90,$C$42:$G$42,0))/SUM(INDEX($C$43:$G$84,0,MATCH(H$90,$C$42:$G$42,0))),"") | I103: =IFERROR(I$91*INDEX($C54:$G54,MATCH(I$90,$C$42:$G$42,0))/SUM(INDEX($C$43:$G$84,0,MATCH(I$90,$C$42:$G$42,0))),"") | J103: =IFERROR(J$91*INDEX($C54:$G54,MATCH(J$90,$C$42:$G$42,0))/SUM(INDEX($C$43:$G$84,0,MATCH(J$90,$C$42:$G$42,0))),"") | ... N103: =IFERROR(N$91*INDEX($C54:$G54,MATCH(N$90,$C$42:$G$42,0))/SUM(INDEX($C$43:$G$84,0,MATCH(N$90,$C$42:$G$42,0))),"") | O103: =IFERROR(SUM(C103:N103),"") -> 0
... A133: 42 | B133: =IFERROR(B84,"") -> Rehabilitasi Medik | C133: =IFERROR(C$91*INDEX($C84:$G84,MATCH(C$90,$C$42:$G$42,0))/SUM(INDEX($C$43:$G$84,0,MATCH(C$90,$C$42:$G$42,0))),"") | D133: =IFERROR(D$91*INDEX($C84:$G84,MATCH(D$90,$C$42:$G$42,0))/SUM(INDEX($C$43:$G$84,0,MATCH(D$90,$C$42:$G$42,0))),"") | E133: =IFERROR(E$91*INDEX($C84:$G84,MATCH(E$90,$C$42:$G$42,0))/SUM(INDEX($C$43:$G$84,0,MATCH(E$90,$C$42:$G$42,0))),"") | F133: =IFERROR(F$91*INDEX($C84:$G84,MATCH(F$90,$C$42:$G$42,0))/SUM(INDEX($C$43:$G$84,0,MATCH(F$90,$C$42:$G$42,0))),"") | G133: =IFERROR(G$91*INDEX($C84:$G84,MATCH(G$90,$C$42:$G$42,0))/SUM(INDEX($C$43:$G$84,0,MATCH(G$90,$C$42:$G$42,0))),"") | H133: =IFERROR(H$91*INDEX($C84:$G84,MATCH(H$90,$C$42:$G$42,0))/SUM(INDEX($C$43:$G$84,0,MATCH(H$90,$C$42:$G$42,0))),"") | I133: =IFERROR(I$91*INDEX($C84:$G84,MATCH(I$90,$C$42:$G$42,0))/SUM(INDEX($C$43:$G$84,0,MATCH(I$90,$C$42:$G$42,0))),"") | J133: =IFERROR(J$91*INDEX($C84:$G84,MATCH(J$90,$C$42:$G$42,0))/SUM(INDEX($C$43:$G$84,0,MATCH(J$90,$C$42:$G$42,0))),"") | ... N133: =IFERROR(N$91*INDEX($C84:$G84,MATCH(N$90,$C$42:$G$42,0))/SUM(INDEX($C$43:$G$84,0,MATCH(N$90,$C$42:$G$42,0))),"") | O133: =IFERROR(SUM(C133:N133),"") -> 0
B134: TOTAL TERALOKASI | C134: =IFERROR(SUM(C92:C133),"") -> 0 | D134: =IFERROR(SUM(D92:D133),"") -> 0 | E134: =IFERROR(SUM(E92:E133),"") -> 0 | F134: =IFERROR(SUM(F92:F133),"") -> 0 | G134: =IFERROR(SUM(G92:G133),"") -> 0 | H134: =IFERROR(SUM(H92:H133),"") -> 0 | I134: =IFERROR(SUM(I92:I133),"") -> 0 | J134: =IFERROR(SUM(J92:J133),"") -> 0 | ... O134: =IFERROR(SUM(O92:O133),"") -> 0
B135: Selisih terhadap biaya overhead (harus 0) | C135: =IFERROR(ROUND(C134-C91,0),"") | D135: =IFERROR(ROUND(D134-D91,0),"") | E135: =IFERROR(ROUND(E134-E91,0),"") | F135: =IFERROR(ROUND(F134-F91,0),"") | G135: =IFERROR(ROUND(G134-G91,0),"") | H135: =IFERROR(ROUND(H134-H91,0),"") | I135: =IFERROR(ROUND(I134-I91,0),"") | J135: =IFERROR(ROUND(J134-J91,0),"") | ... N135: =IFERROR(ROUND(N134-N91,0),"") | O135: =IFERROR(ROUND(O134-D38,0),"") -> 0
A138: 5. BIAYA PENUNJANG MEDIS (INTERMEDIATE) SETELAH OVERHEAD DAN UNIT COST PER ITEM LAYANAN
A139: No | B139: Penunjang Medis | C139: Biaya Langsung (Rp) | D139: Overhead Diterima (Rp) | E139: Total Biaya (Rp) | F139: Flag (1=Umum, 0=Klinis) | G139: Jenis | H139: Volume Setahun | I139: Unit Cost per Item (Rp) | J139: Satuan
A140: 1 | B140: =IFERROR('Costing Template'!B22,"") -> Farmasi | C140: =IFERROR('Costing Template'!S22,"") | D140: =IFERROR(O92,"") -> 0 | E140: =IFERROR(C140+D140,"") | F140: 0 | G140: =IFERROR(IF(F140=1,"Penunjang umum","Penunjang klinis"),"") -> Penunjang klinis | H140: =IFERROR('Data Operasional'!M11,"") -> 0 | I140: =IFERROR(IF(H140>0,E140/H140,""),"") | J140: =IFERROR('Data Operasional'!J11,"") -> lembar resep
A141: 2 | B141: =IFERROR('Costing Template'!B23,"") -> Radiologi | C141: =IFERROR('Costing Template'!S23,"") | D141: =IFERROR(O93,"") -> 0 | E141: =IFERROR(C141+D141,"") | F141: 0 | G141: =IFERROR(IF(F141=1,"Penunjang umum","Penunjang klinis"),"") -> Penunjang klinis | H141: =IFERROR('Data Operasional'!M12,"") -> 0 | I141: =IFERROR(IF(H141>0,E141/H141,""),"") | J141: =IFERROR('Data Operasional'!J12,"") -> pemeriksaan
A142: 3 | B142: =IFERROR('Costing Template'!B24,"") -> Laboratorium | C142: =IFERROR('Costing Template'!S24,"") | D142: =IFERROR(O94,"") -> 0 | E142: =IFERROR(C142+D142,"") | F142: 0 | G142: =IFERROR(IF(F142=1,"Penunjang umum","Penunjang klinis"),"") -> Penunjang klinis | H142: =IFERROR('Data Operasional'!M13,"") -> 0 | I142: =IFERROR(IF(H142>0,E142/H142,""),"") | J142: =IFERROR('Data Operasional'!J13,"") -> tes
A143: 4 | B143: =IFERROR('Costing Template'!B25,"") -> Rehabilitasi Medik | C143: =IFERROR('Costing Template'!S25,"") | D143: =IFERROR(O95,"") -> 0 | E143: =IFERROR(C143+D143,"") | F143: 0 | G143: =IFERROR(IF(F143=1,"Penunjang umum","Penunjang klinis"),"") -> Penunjang klinis | H143: =IFERROR('Data Operasional'!M14,"") -> 0 | I143: =IFERROR(IF(H143>0,E143/H143,""),"") | J143: =IFERROR('Data Operasional'!J14,"") -> sesi terapi
A144: 5 | B144: =IFERROR('Costing Template'!B26,"") -> Rehabilitasi Psikososial | C144: =IFERROR('Costing Template'!S26,"") | D144: =IFERROR(O96,"") -> 0 | E144: =IFERROR(C144+D144,"") | F144: 0 | G144: =IFERROR(IF(F144=1,"Penunjang umum","Penunjang klinis"),"") -> Penunjang klinis | H144: =IFERROR('Data Operasional'!M15,"") -> 0 | I144: =IFERROR(IF(H144>0,E144/H144,""),"") | J144: =IFERROR('Data Operasional'!J15,"") -> pasien
A145: 6 | B145: =IFERROR('Costing Template'!B27,"") -> Instalasi Bedah Sentral (IBS) | C145: =IFERROR('Costing Template'!S27,"") | D145: =IFERROR(O97,"") -> 0 | E145: =IFERROR(C145+D145,"") | F145: 0 | G145: =IFERROR(IF(F145=1,"Penunjang umum","Penunjang klinis"),"") -> Penunjang klinis | H145: =IFERROR('Data Operasional'!M16,"") -> 0 | I145: =IFERROR(IF(H145>0,E145/H145,""),"") | J145: =IFERROR('Data Operasional'!J16,"") -> jam operasi
A146: 7 | B146: =IFERROR('Costing Template'!B28,"") -> Instalasi Gizi | C146: =IFERROR('Costing Template'!S28,"") | D146: =IFERROR(O98,"") -> 0 | E146: =IFERROR(C146+D146,"") | F146: 1 | G146: =IFERROR(IF(F146=1,"Penunjang umum","Penunjang klinis"),"") -> Penunjang umum | H146: =IFERROR('Data Operasional'!M17,"") -> 0 | I146: =IFERROR(IF(H146>0,E146/H146,""),"") | J146: =IFERROR('Data Operasional'!J17,"") -> hari rawat
A147: 8 | B147: =IFERROR('Costing Template'!B29,"") -> Laundry Rumah Sakit | C147: =IFERROR('Costing Template'!S29,"") | D147: =IFERROR(O99,"") -> 0 | E147: =IFERROR(C147+D147,"") | F147: 1 | G147: =IFERROR(IF(F147=1,"Penunjang umum","Penunjang klinis"),"") -> Penunjang umum | H147: =IFERROR('Data Operasional'!M18,"") -> 0 | I147: =IFERROR(IF(H147>0,E147/H147,""),"") | J147: =IFERROR('Data Operasional'!J18,"") -> kg linen
A148: 9 | B148: =IFERROR('Costing Template'!B30,"") -> Unit Sterilisasi Alat (CSSD) | C148: =IFERROR('Costing Template'!S30,"") | D148: =IFERROR(O100,"") -> 0 | E148: =IFERROR(C148+D148,"") | F148: 1 | G148: =IFERROR(IF(F148=1,"Penunjang umum","Penunjang klinis"),"") -> Penunjang umum | H148: =IFERROR('Data Operasional'!M19,"") -> 0 | I148: =IFERROR(IF(H148>0,E148/H148,""),"") | J148: =IFERROR('Data Operasional'!J19,"") -> paket steril
A149: 10 | B149: =IFERROR('Costing Template'!B31,"") -> Gas Medis | C149: =IFERROR('Costing Template'!S31,"") | D149: =IFERROR(O101,"") -> 0 | E149: =IFERROR(C149+D149,"") | F149: 1 | G149: =IFERROR(IF(F149=1,"Penunjang umum","Penunjang klinis"),"") -> Penunjang umum | H149: =IFERROR('Data Operasional'!M20,"") -> 0 | I149: =IFERROR(IF(H149>0,E149/H149,""),"") | J149: =IFERROR('Data Operasional'!J20,"") -> m³ oksigen
A150: 11 | B150: =IFERROR('Costing Template'!B32,"") -> Bank Darah | C150: =IFERROR('Costing Template'!S32,"") | D150: =IFERROR(O102,"") -> 0 | E150: =IFERROR(C150+D150,"") | F150: 0 | G150: =IFERROR(IF(F150=1,"Penunjang umum","Penunjang klinis"),"") -> Penunjang klinis | H150: =IFERROR('Data Operasional'!M21,"") -> 0 | I150: =IFERROR(IF(H150>0,E150/H150,""),"") | J150: =IFERROR('Data Operasional'!J21,"") -> kantong
A151: 12 | B151: =IFERROR('Costing Template'!B33,"") -> Bank Jaringan | C151: =IFERROR('Costing Template'!S33,"") | D151: =IFERROR(O103,"") -> 0 | E151: =IFERROR(C151+D151,"") | F151: 0 | G151: =IFERROR(IF(F151=1,"Penunjang umum","Penunjang klinis"),"") -> Penunjang klinis | H151: =IFERROR('Data Operasional'!M22,"") -> 0 | I151: =IFERROR(IF(H151>0,E151/H151,""),"") | J151: =IFERROR('Data Operasional'!J22,"") -> jaringan
B152: TOTAL | C152: =IFERROR(SUM(C140:C151),"") -> 0 | D152: =IFERROR(SUM(D140:D151),"") -> 0 | E152: =IFERROR(SUM(E140:E151),"") -> 0
A155: 6. BOBOT PEMAKAIAN PENUNJANG MEDIS PER PUSAT BIAYA LAYANAN (ASUMSI)
A156: No | B156: Pusat Biaya Layanan \ Penunjang | C156: =IFERROR(B140,"") -> Farmasi | D156: =IFERROR(B141,"") -> Radiologi | E156: =IFERROR(B142,"") -> Laboratorium | F156: =IFERROR(B143,"") -> Rehabilitasi Medik | G156: =IFERROR(B144,"") -> Rehabilitasi Psikososial | H156: =IFERROR(B145,"") -> Instalasi Bedah Sentral (IBS) | I156: =IFERROR(B146,"") -> Instalasi Gizi | J156: =IFERROR(B147,"") -> Laundry Rumah Sakit | K156: =IFERROR(B148,"") -> Unit Sterilisasi Alat (CSSD) | L156: =IFERROR(B149,"") -> Gas Medis | M156: =IFERROR(B150,"") -> Bank Darah | N156: =IFERROR(B151,"") -> Bank Jaringan
B157: Flag (1=Umum, 0=Klinis) | C157: =IFERROR(F140,"") -> 0 | D157: =IFERROR(F141,"") -> 0 | E157: =IFERROR(F142,"") -> 0 | F157: =IFERROR(F143,"") -> 0 | G157: =IFERROR(F144,"") -> 0 | H157: =IFERROR(F145,"") -> 0 | I157: =IFERROR(F146,"") -> 1 | J157: =IFERROR(F147,"") -> 1 | K157: =IFERROR(F148,"") -> 1 | L157: =IFERROR(F149,"") -> 1 | M157: =IFERROR(F150,"") -> 0 | N157: =IFERROR(F151,"") -> 0
...
